batch_id,original_product_id,product_name,brand,category,subcategory,size_value,size_unit,price,source
1,jiomart_best_farms_best_farms_urad_dal_1_kg,Best Farms Urad Dal 1 kg,Best Farms,essentials,pulses,1.0,kg,181.0,jiomart
2,jiomart_steviocal_steviocal_sugar_free_zero_calorie_stevia_sweetener_powder_jar_for_diet_480_gm_pack_of_six,Steviocal Sugar Free Zero Calorie Stevia Sweetener Powder Jar for Diet 480 gm Pack of Six,Steviocal,essentials,salt-sugar,480.0,g,3441.0,jiomart
3,jiomart_trinetra_trinetra_iodised_salt_5_kg_1kg_x_5_pack_natural_salt,Trinetra Iodised Salt 5 kg (1Kg X 5 Pack) Natural Salt,Trinetra,essentials,salt-sugar,5.0,kg,380.0,jiomart
4,jiomart_kwik_snack_kwik_snack_ks3oats_100_natural_oats_pouch_400_g,kwik snack (KS3-Oats) 100% Natural Oats Pouch (400 g),Kwik Snack,snacks,breakfast,400.0,g,197.0,jiomart
5,jiomart_momsy_momsy_premium_quality_pure_handmade_desi_ghee_jeera_biscuits_950gm,Momsy Premium Quality Pure Handmade Desi Ghee Jeera Biscuits (950gm),Momsy,snacks,biscuit,950.0,g,391.0,jiomart
6,jiomart_hetha_hetha_basmati_ricecertified_organicsingle_origin15kg,Hetha Basmati Rice-Certified Organic|Single Origin-1.5Kg,Hetha,essentials,rice,1.5,kg,645.0,jiomart
7,jiomart_organic_tattva_organic_tattva_organic_roasted_chana_dal_500g_roasted_bengalgram_dal_rich_in_protein_,"Organic Tattva, Organic Roasted Chana Dal 500G | Roasted Bengalgram Dal | Rich in Protein | Naturally Gluten Free | Unpolished Dal | Pesticide and Chemical Free | Pack of 4",Organic Tattva,essentials,pulses,500.0,g,496.0,jiomart
8,jiomart_goshudh_goshudh_kuttu_atta_1_kg_pack,Goshudh Kuttu Atta 1 kg Pack,Goshudh,essentials,flour,1.0,kg,310.0,jiomart
9,jiomart_mamafeast_mamafeast_cornflakes_1kg_pack_of_4_x_250g,Mamafeast Cornflakes 1kg (pack of 4 x 250g),Mamafeast,snacks,breakfast,,g,299.0,jiomart
10,jiomart_tastea_anand_jolliz_tastea_anand_jolliz_namkeen_sakkarpara_ready_to_eat_snacks_indian_snacks_chai_ti,TASTEA Anand Jolliz namkeen Sakkarpara | Ready To Eat Snacks | Indian Snacks | Chai Time Namkeen | 200 gm each | Pack of 3,Tastea Anand Jolliz,snacks,chips-namkeen,200.0,g,130.0,jiomart
11,jiomart_groshaat_groshaat_suji_rava_500g_pack,Groshaat Suji (Rava)- 500g Pack,Groshaat,essentials,flour,500.0,g,175.0,jiomart
12,jiomart_zerog_zerog_bread_mix,Zero-G Bread Mix,Zero-G,essentials,flour,,,353.0,jiomart
13,jiomart_bansiram_bansiram_mari_kela_wafers_325_g,BANSIRAM MARI KELA WAFERS 325 G,Bansiram,snacks,chips-namkeen,325.0,g,135.0,jiomart
14,jiomart_tastea_anand_jolliz_tastea_anand_jolliz_namkeen_bhakharwadi_ready_to_eat_snack_indian_snack_chai_tim,TASTEA Anand Jolliz namkeen | Bhakharwadi | Ready To Eat Snack | Indian Snack | Chai Time Namkeen | 200 gm each | Pack of 3,Tastea Anand Jolliz,snacks,chips-namkeen,400.0,g,130.0,jiomart
15,jiomart_gropure_organic_gropure_organic_ambemohar_rice_900g,GroPure Organic Ambemohar Rice - 900g,Gropure Organic,essentials,rice,900.0,g,289.0,jiomart
16,jiomart_add_me_add_me_lasoda_gunda_pickle_in_mustard_oil_300g_rajasthani_lasode_ka_achar_glass_pack,Add me Lasoda Gunda Pickle in Mustard Oil 300g | Rajasthani lasode ka achar Glass Pack,Add Me,flavourings,pickles-chutney,300.0,g,249.0,jiomart
17,jiomart_nescafe_nescafe_gold_blend_rich_aroma_instant_coffee_200_g,Nescafe Gold Blend Rich Aroma Instant Coffee 200 g,Nescafe,beverage,tea-cofee,200.0,g,1139.0,jiomart
18,jiomart_vedic_wellness_vedic_wellness_pumpkin_seeds_rich_in_fiber_zinc_antioxidants_healthy_snack_superfood_,"VEDIC WELLNESS Pumpkin Seeds | Rich in Fiber, Zinc & Antioxidants | Healthy Snack Superfood | 1kg",Vedic Wellness,essentials,dry-fruits-nuts,1.0,kg,489.0,jiomart
19,jiomart_btw_btw_cheezy_bhujia_namkeen_450g_150g_x_3_tasty_namkeen_bhujiya_indian_snacks,BTW Cheezy Bhujia Namkeen 450g (150g X 3) | Tasty Namkeen Bhujiya Indian Snacks,Btw,snacks,chips-namkeen,450.0,g,115.0,jiomart
20,jiomart_cheras_cheras_combo_1_mixture_arumbu_murukku_oma_podi_kara_sev_diamond_biscuit_pack_of_5_100g_each_x,"Chera's Combo 1 - Mixture, Arumbu Murukku, Oma Podi, Kara Sev, Diamond Biscuit - Pack of 5 - 100g each x 5",Chera'S,snacks,chips-namkeen,100.0,g,240.0,jiomart
21,jiomart_city_salt_city_salt_sprinkler_rock_salt_4_kg,City Salt Sprinkler Rock Salt 4 KG,City Salt,essentials,salt-sugar,4.0,kg,260.0,jiomart
22,jiomart_impact_impact_mints_sugarfree_strong_mint_from_germany_14_g_x_2,"Impact Mints Sugarfree Strong Mint from germany, 14 g x 2",Impact,chocolate,chocolate,14.0,g,349.0,jiomart
23,jiomart_maharani_maharani_everyday_basmati_rice_with_rich_aroma_and_royal_taste_5_kg,Maharani Everyday Basmati Rice with Rich Aroma and Royal Taste - 5 Kg,Maharani,essentials,rice,5.0,kg,699.0,jiomart
24,jiomart_gustora_gustora_combo_pack_of_assorted_kids_pasta_tomato_ketchup_i_my_toys_my_princess_250g_tomato_k,"Gustora Combo Pack of Assorted Kids Pasta & Tomato Ketchup I My Toys, My Princess 250g & Tomato Ketchup 1kg I Made of Durum Wheat Semolina I Rich in Protein & Fibre I Zero cholesterol (1.25 Kg)",Gustora,noodles_pasta,noodles-pasta,250.0,g,269.0,jiomart
25,jiomart_aeroplane_aeroplane_gold_basmati_rice_10_kg,"Aeroplane Gold Basmati Rice, 10 Kg",Aeroplane,essentials,rice,10.0,kg,1488.0,jiomart
26,jiomart_vale_of_kashmir_vale_of_kashmir_walnut_butter_220g_almond_butter_220_g_pure_natural_no_added_preserv,"Vale Of Kashmir Walnut Butter 220g + Almond Butter 220 g, Pure Natural, No Added Preservatives",Vale Of Kashmir,spread,sauce-ketchup-butter,220.0,g,649.0,jiomart
27,jiomart_ghotaram_ghotaram_masala_matar_bhuna_masala_green_matar_spicy_roasted_peas_crunchy_green_matar_chakh,Ghotaram Masala Matar | Bhuna Masala Green Matar | Spicy Roasted Peas | Crunchy Green Matar | Chakhna Snacks Spicy Healthy Authentic Indian Snacks | Bachcho Ka Favourite Savoury Snack-300g*1Pack,Ghotaram,snacks,chips-namkeen,300.0,g,240.0,jiomart
28,jiomart_harikishorees_harikishorees_mango_pickle_250g_spicy_tangy_aam_ka_achar_homemade_style_traditional_in,HARIKISHOREE'S Mango Pickle 250g | Spicy & Tangy Aam Ka Achar | Homemade Style | Traditional Indian Pickle | No Preservatives,Harikishoree'S,flavourings,pickles-chutney,250.0,g,210.0,jiomart
29,jiomart_classic_harvest_classic_harvest_besan_gram_flour_chana_dal_besan_500_gm,Classic Harvest Besan / Gram Flour / Chana Dal Besan 500 gm,Classic Harvest,essentials,flour,500.0,g,158.0,jiomart
30,jiomart_jivo_jivo_cold_pressed_canola_oil_1_l,Jivo Cold Pressed Canola Oil 1 L,Jivo,essentials,oil,1.0,L,479.0,jiomart
31,jiomart_pinkcity_pinkcity_wellness_cold_pressed_sunflower_oil_chemical_free_1_ltr_x_5_bottles_5_litres,Pinkcity Wellness Cold Pressed Sunflower Oil | Chemical Free |1 Ltr x 5 Bottles | 5 Litres,Pinkcity,essentials,oil,1.0,L,1049.0,jiomart
32,jiomart_freshocartz_freshocartz_organic_whole_brown_chana_1_kg,FreshoCartz Organic Whole Brown Chana 1 Kg,Freshocartz,essentials,pulses,1.0,kg,224.0,jiomart
33,jiomart_gongloo_gongloo_homemade_tomato_pickle_fresh_tangy_tomato_chutney_tamatar_ka_achar_400_grams_tomato_,"Gongloo Homemade Tomato Pickle, Fresh Tangy Tomato Chutney, Tamatar Ka Achar (400 Grams) Tomato Murabba",Gongloo,flavourings,pickles-chutney,400.0,g,160.0,jiomart
34,jiomart_add_me_homemade_ramkela_mango_pickle_500gm_punjabi_aam_ka_achar_north_indian_recipe_glass_pack,Homemade Ramkela Mango Pickle 500gm Punjabi aam ka achar North Indian Recipe Glass Pack,Add Me,flavourings,pickles-chutney,500.0,g,349.0,jiomart
35,jiomart_ghotaram_ghotaram_gfp_calcutta_classic_chana_jor_garam_namkeen_kolkata_chanachurnamkeenspicy_chickpe,"GHOTARAM GFP Calcutta Classic Chana Jor Garam Namkeen Kolkata Chanachur/Namkeen/Spicy Chickpeas with Other Snack Ingredients| |Contains No MSG, Zero Cholesterol, Trans Fat & Sugar-250*1Pack",Ghotaram,snacks,chips-namkeen,1.0,pack,220.0,jiomart
36,jiomart_gongloo_gongloo_ginger_pickle_natural_ingredientsless_mustard_oil_400_grams_ginger_pickle,"Gongloo Ginger Pickle, Natural Ingredients,Less Mustard Oil (400 Grams) Ginger Pickle",Gongloo,flavourings,pickles-chutney,400.0,g,183.0,jiomart
37,jiomart_gustora_gustora_healthy_conchiglie_rigatoni_pasta_combo_pack_of_2_of_2_i_durum_wheat_semolina_i_rich,Gustora Healthy Conchiglie & Rigatoni Pasta Combo Pack of 2 of 2 I Durum Wheat Semolina I Rich In Protein & Fibre I Zero Cholesterol I Vegetarian I No Trans - Fat I Cooking Time 10 Min - 700 Gm,Gustora,noodles_pasta,noodles-pasta,2.0,of,191.0,jiomart
38,jiomart_zerobeli_zerobeli_jowar_choco_chip_cookies_500g_pack_of_250g_x2no_maida_no_palm_oilkid_friendly_snac,Zerobeli Jowar Choco Chip Cookies 500g (Pack of 250g x2)|No Maida| No Palm Oil|Kid Friendly Snack|No Preservatives,|Zerobeli,snacks,biscuit,500.0,g,414.0,jiomart
39,jiomart_mothers_recipe_mothers_recipe_mango_pickle_500_g,Mother's Recipe Mango Pickle 500 g,Mother'S Recipe,flavourings,pickles-chutney,500.0,g,74.0,jiomart
40,jiomart_mv_platter_mv_platter_mix_dryfruits_mix_nuts_premium_nutmix_cashews_assorted_nuts_almonds_apricots_r,"Mv platter Mix dryfruits Mix Nuts Premium Nutmix Cashews, Assorted Nuts, Almonds, Apricots, Raisins, Assorted Seeds & Nuts (500 g)",Mv Platter,essentials,dry-fruits-nuts,500.0,g,281.0,jiomart
41,jiomart_go_kitchen_go_kitchen_healthy_dry_fruit_dried_figs_afghani_anjeerafghani_anjeer_figs_dry_fruits_anji,"GO KITCHEN Healthy Dry Fruit Dried Figs Afghani Anjeer|Afghani Anjeer Figs Dry Fruits Anjir (Dried Figs) Dry Fruits Anjeer Big and Soft, 800gm Pack",Go Kitchen,essentials,dry-fruits-nuts,800.0,g,629.0,jiomart
42,jiomart_natrixeed_natrixeed_gems_chocolate_buttons_100gm_chocolate_munchies_bright_colour_gems_buttons_color,NATRIXEED Gems Chocolate Buttons 100gm | Chocolate Munchies - Bright Colour Gems Buttons | Colorful Chocolate for Cake Decoration | Candy for Kids,Natrixeed,chocolate,chocolate,100.0,g,149.0,jiomart
43,jiomart_protinex_protinex_tasty_rich_chocolate_750_g,Protinex Tasty Rich Chocolate 750 g,Protinex,beverage,juice-drink,750.0,g,800.0,jiomart
44,jiomart_daawat_daawat_kolkata_biryani_kit_334_g,Daawat Kolkata Biryani Kit 334 g,Daawat,essentials,rice,334.0,g,129.0,jiomart
45,jiomart_weikfield_weikfield_mango_flavour_custard_powder_75_g,Weikfield Mango Flavour Custard Powder 75 g,Weikfield,ready_to_eat,ready-to-eat,75.0,g,46.0,jiomart
46,jiomart_pintola_pintola_high_protein_dark_chocolate_peanut_butter_crunchy_1kg_30g_protein_whey_protein_high_,"Pintola HIGH Protein DARK Chocolate Peanut Butter (Crunchy, 1kg) 30g Protein, Whey Protein, High Fiber, Crispy, Gluten Free, Zero Trans Fat & Unsalted Chocolate flavour Nut butter, Premium Roasted Nuts",Pintola,spread,sauce-ketchup-butter,1.0,kg,649.0,jiomart
47,jiomart_green_piece_green_piece_soya_sauce_500mlred_chilli_sauce_500mlgreen_chilli_sauce_500ml_and_vinegar_5,"Green Piece Soya Sauce (500ml),red Chilli Sauce (500ml),Green Chilli Sauce (500ml) and vinegar (500ml) (Pack of 4)",Green Piece,spread,sauce-ketchup-butter,500.0,ml,399.0,jiomart
48,jiomart_veganic_veganic_black_dates_300gm_imported_arabian_khajur_natural_premium_black_khajoor_kimia_date_r,"Veganic Black Dates - 300GM - Imported Arabian Khajur Natural Premium Black Khajoor | Kimia Date Rich in Iron, Fibre & Vitamins",Veganic,chocolate,chocolate,300.0,g,249.0,jiomart
49,jiomart_slurrp_farm_slurrp_farm_classic_millet_pancake_mix_150_g,Slurrp Farm Classic Millet Pancake Mix 150 g,Slurrp Farm,beverage,juice-drink,150.0,g,168.0,jiomart
50,jiomart_pink_delight_pink_delight_sulphurless_double_refined_sugar_1_kgkala_chana_1_kg_pack_of_2_2_kg_pack,Pink Delight Sulphurless Double Refined Sugar 1 Kg+Kala Chana 1 Kg | Pack of 2 | 2 Kg Pack,Pink Delight,essentials,salt-sugar,1.0,kg,349.0,jiomart
51,jiomart_la_casa_la_casa_sugarfree_dark_chocolate_spread_stevia_based_all_natural_product_of_india_1000g_,La Casa Sugar-Free Dark Chocolate Spread | Stevia Based | All Natural | Product of India | 1000g ,|La Casa,spread,sauce-ketchup-butter,1000.0,g,649.0,jiomart
52,jiomart_piyor_piyor_100_natural_premium_quality_plain_raw_kaju_cashews_nuts_w320250g,PIYOR 100% Natural Premium Quality Plain Raw Kaju Cashews Nuts W320(250g),Piyor,essentials,dry-fruits-nuts,250.0,g,375.0,jiomart
53,jiomart_chokhi_dhani_chokhi_dhani_ready_to_eat_pav_bhaji_heat_eat_mumbai_style_pav_bhaji_300gm,Chokhi Dhani Ready to Eat Pav Bhaji | Heat & Eat | Mumbai Style Pav Bhaji 300gm,Chokhi Dhani,ready_to_eat,ready-to-eat,300.0,g,160.0,jiomart
54,jiomart_bansiram_bansiram_namkeen_lahsun_sev_375gm,BANSIRAM NAMKEEN LAHSUN SEV 375GM,Bansiram,snacks,chips-namkeen,375.0,g,155.0,jiomart
55,jiomart_diljeet_spices_diljeet_spices_1kg_himalayan_pink_salt_premium_sendha_namak,Diljeet Spices 1Kg Himalayan Pink Salt |Premium Sendha Namak,Diljeet Spices,essentials,salt-sugar,1.0,kg,196.0,jiomart
56,jiomart_a_mangals_fluffey_marshmallow_140g_pack_of_80_pieces_100_vegetarian_strawberry_marshmallow,Fluffey Marshmallow 140g pack of 80 pieces (100% vegetarian) STRAWBERRY Marshmallow,A. Mangals,chocolate,chocolate,140.0,g,250.0,jiomart
57,jiomart_tuong_ot_sriracha_sriracha_hot_chili_sauce_255gm,Sriracha Hot Chili Sauce 255gm,Tuong Ot Sriracha,spread,sauce-ketchup-butter,255.0,g,459.0,jiomart
58,jiomart_pink_delight_pink_delight_sulphurless_double_refined_sugar_chini_shakkar_sugar_1_kg_each_pack_of_2_2,Pink Delight | Sulphurless Double Refined Sugar | Chini | Shakkar| Sugar | 1 Kg Each | Pack of 2 | 2 Kg Pack,Pink Delight,essentials,salt-sugar,1.0,kg,299.0,jiomart
59,jiomart_swasth_food_products_swasth_food_products_millet_chapati_atta_2kg_rich_in_dietary_fiber_55_milletslo,"SWASTH FOOD PRODUCTS Millet Chapati Atta 2KG -Rich In Dietary Fiber, 55% Millets|Low soft rotis |Carbohydrates,Atta Contains Low Glycemic Index |Helps To Control Sugar Levels,",Swasth Food Products,essentials,flour,2.0,kg,351.0,jiomart
60,jiomart_kwality_kwality_no_added_sugar_muesli_crunchy_700g,Kwality No added Sugar Muesli Crunchy 700g,Kwality,snacks,breakfast,700.0,g,399.0,jiomart
61,jiomart_pristine_pristine_1st_bites_baby_cereal_300g_824_months_stage2_100_organic_wheat_apple_powder,"Pristine 1st BITES Baby Cereal 300g | (8-24 Months) Stage-2, 100% Organic Wheat & Apple Powder",Pristine,baby,baby,1.0,,365.0,jiomart
62,jiomart_bb_organics_bb_organics_handpounded_ponni_brown_rice_10_kgtraditional_riceparambariya_ponni_kaikutha,B&B Organics Handpounded Ponni Brown Rice (10 kg)/Traditional Rice/Parambariya Ponni Kaikuthal Arisi,B&B Organics,essentials,rice,10.0,kg,1516.0,jiomart
63,jiomart_general_general_mills_cinnamon_toast_crunch_rolls_cereal_303g_imported_from_usa,"General Mills Cinnamon Toast Crunch Rolls Cereal, 303g - Imported from USA",General,snacks,breakfast,303.0,g,899.0,jiomart
64,jiomart_momsy_momsy_premium_ker_pickle_tenti_dela_kair_achar_homemade_low_oil_450gm,"Momsy Premium Ker Pickle Tenti Dela Kair Achar (Homemade, Low Oil) 450gm",Momsy,flavourings,pickles-chutney,450.0,g,211.0,jiomart
65,jiomart_kwik_snack_kwik_snack_ott3oats_100_natural_oats_pouch_pouch_200_g,kwik snack (OTT3-Oats) 100% Natural Oats Pouch Pouch (200 g),Kwik Snack,snacks,breakfast,200.0,g,135.0,jiomart
66,jiomart_green_piece_green_piece_red_paprika_slices_and_jalapeno_slices_120gm_x_2,Green Piece Red Paprika Slices and jalapeno Slices .(120gm x 2),Green Piece,ready_to_eat,ready-to-eat,120.0,g,203.0,jiomart
67,jiomart_nutty_harvest_nutty_harvest_choco_nut_spread_chocolate_smooth_500g_jar_creamy_cocoa_peanut_spread_fo,"NUTTY HARVEST Choco & Nut Spread Chocolate Smooth | 500g Jar | Creamy Cocoa Peanut Spread for Bread, Toast & Desserts | High Protein | No Added Sugar | Vegetarian Chocolate Spread",Nutty Harvest,spread,sauce-ketchup-butter,500.0,g,249.0,jiomart
68,jiomart_sugar_free_sugar_free_natura_sweetener_100_g,Sugar Free Natura Sweetener 100 g,Sugar Free,beverage,tea-cofee,100.0,g,147.0,jiomart
69,jiomart_best_farms_best_farms_urad_dal_500_g,Best Farms Urad Dal 500 g,Best Farms,essentials,pulses,500.0,g,93.0,jiomart
70,jiomart_pink_delight_pink_delight_rice_flour_chawal_ka_atta_1_kg_pack,Pink Delight | Rice Flour | Chawal Ka Atta | 1 Kg Pack,Pink Delight,essentials,flour,1.0,kg,218.0,jiomart
71,jiomart_goshudh_goshudh_baking_soda_5_kg,Goshudh Baking Soda 5 kg,Goshudh,ready_to_eat,ready-to-eat,5.0,kg,665.0,jiomart
72,jiomart_br_cart_br_cart_wheat_penne_pasta_penne_pasta_twist_pasta_durum_wheat_pasta_penne_pasta_500_g,Br Cart Wheat Penne Pasta | Penne Pasta | Twist Pasta | Durum Wheat Pasta Penne Pasta (500 G),Br Cart,noodles_pasta,noodles-pasta,500.0,g,199.0,jiomart
73,jiomart_mogu_mogu_mogu_mogu_apple_juice_drink_with_nata_de_coco_300_ml,Mogu Mogu Apple Juice Drink with Nata De Coco 300 ml,Mogu Mogu,beverage,juice-drink,300.0,ml,58.0,jiomart
74,jiomart_foodado_foodado_premium_tenti_dela_pickle_homemade_teet_ka_achar_spicy_achar_with_natural_ingredient,FOODADO Premium Tenti Dela Pickle | Homemade Teet ka Achar | Spicy Achar with Natural Ingredients (250gm),Foodado,flavourings,pickles-chutney,250.0,g,199.0,jiomart
75,jiomart_india_salaam_india_salaam_classic_basmati_rice_long_grain_rice_aromatic_basmati_glutenfree_rice_nong,"India Salaam Classic Basmati Rice, Long Grain Rice, Aromatic Basmati, Gluten-Free Rice, Non-GMO Rice, Export Quality",India Salaam,essentials,rice,,,220.0,jiomart
76,jiomart_parle_parle_mazelo_fruit_gang_jelly_171_g,Parle Mazelo Fruit Gang Jelly 171 g,Parle,chocolate,chocolate,171.0,g,44.0,jiomart
77,jiomart_amul_amul_fruit_nut_dark_chocolate_150_g,Amul Fruit & Nut Dark Chocolate 150 g,Amul,chocolate,chocolate,150.0,g,169.0,jiomart
78,jiomart_balaji_wafers_balaji_wafers_shing_bhujia_namkeen_210_g,Balaji Wafers Shing Bhujia Namkeen 210 g,Balaji Wafers,snacks,chips-namkeen,210.0,g,40.0,jiomart
79,jiomart_pansari_pansari_kachi_ghani_mustard_oil_sarso_cooking_oil_good_for_bones_heart_pack_of_1l_x_5l_,Pansari Kachi Ghani Mustard oil | Sarso Cooking Oil | Good for Bones & Heart| - ( Pack of 1L X 5L ),Pansari,essentials,oil,1.0,L,1050.0,jiomart
80,jiomart_organic_purify_organic_purify_icing_sugar_pure_ultra_fine_900gm,"Organic Purify Icing Sugar,[ Pure & Ultra Fine ] 900GM",Organic Purify,essentials,salt-sugar,900.0,g,249.0,jiomart
81,jiomart_red_cliff_red_cliff_edible_black_chocolate_powder_color_for_cakes_desserts_and_confectionery_rich_in,"RED CLIFF Edible Black Chocolate Powder Color for Cakes, Desserts, and Confectionery - Rich, Intense Dark Cocoa Hue for Professional Baking and Decorating | 10ml ",|Red Cliff,flavourings,pickles-chutney,10.0,ml,169.0,jiomart
82,jiomart_lal_qilla_lal_qilla_old_malai_basmati_rice_5kg_traditional,LAL QILLA OLD MALAI BASMATI RICE 5KG (TRADITIONAL),Lal Qilla,essentials,rice,5.0,kg,1197.0,jiomart
83,jiomart_kwik_snack_kwik_snack_ott22oats_high_in_fibre_protein_oats_pouch_pouch_200_g,kwik snack (OTT22-Oats) High in Fibre & Protein Oats Pouch Pouch (200 g),Kwik Snack,snacks,breakfast,200.0,g,157.0,jiomart
84,jiomart_lotte_lotte_pepero_crunchy_sticks_39_g,Lotte Pepero Crunchy Sticks 39 g,Lotte,chocolate,chocolate,39.0,g,41.0,jiomart
85,jiomart_oatey_oatey_oat_milk_barista_grade_16l_8_x_200ml_no_added_sugar_nondairy_low_calorie_vegan_no_choles,Oatey Oat Milk Barista Grade 1.6L (8 x 200ml) | No Added Sugar | Non-dairy | Low Calorie | Vegan | No Cholesterol | Nut Free | Soy Free,Oatey,beverage,juice-drink,,ml,499.0,jiomart
86,jiomart_br_cart_br_cart_colourful_chocolate_gems_1_kg,"Br Cart Colourful Chocolate gems, 1 Kg",Br Cart,chocolate,chocolate,1.0,kg,319.0,jiomart
87,jiomart_veganic_veganic_boorabura_white_sugar_powder_natural_sugar_powdered_for_baking_sweetsmithaidessert_s,Veganic Boora/Bura | White Sugar Powder | Natural Sugar Powdered For Baking Sweets/Mithai/Dessert | Sulphur Less Buraa (400g),Veganic,essentials,salt-sugar,400.0,g,185.0,jiomart
88,jiomart_organic_grocery_organic_grocery_jumbo_handpicked_lotus_seeds_fox_nuts_big_size_phool_makhana_250_g,Organic Grocery Jumbo Handpicked Lotus Seeds /Fox Nuts Big Size Phool Makhana (250 g),Organic Grocery,essentials,dry-fruits-nuts,250.0,g,500.0,jiomart
89,jiomart_myfitness_peanut_butter_myfitness_peanut_butter_510_gm_high_protein_dark_chocolate_peanut_butter_cri,MyFitness Peanut Butter - 510 Gm -High Protein Dark Chocolate Peanut Butter Crispy - Olympia Edition,Myfitness Peanut Butter,spread,sauce-ketchup-butter,510.0,g,291.0,jiomart
90,jiomart_anchal_anchal_refined_soyabean_oil_light_healthy_cooking_oil_for_everyday_meals_750_gm_pack_of_5,Anchal Refined Soyabean Oil - Light & Healthy Cooking Oil for Everyday Meals 750 gm ( Pack of 5),Anchal,essentials,oil,750.0,g,688.0,jiomart
91,jiomart_good_life_good_life_dry_coconut_powder_250_g,Good Life Dry Coconut Powder 250 g,Good Life,essentials,masala,250.0,g,107.0,jiomart
92,jiomart_tastea_anand_jolliz_tastea_anand_jolliz_chilli_harissa_chips_pack_of_2,Tastea Anand Jolliz - Chilli Harissa chips pack of 2,Tastea Anand Jolliz,snacks,chips-namkeen,2.0,pack,80.0,jiomart
93,jiomart_gustora_gustora_penne_rigate_multi_millet_pasta_500gm_i_durum_wheat_semolina_millet_flour_i_vegetari,"Gustora Penne Rigate Multi Millet Pasta, 500gm I Durum Wheat Semolina & Millet Flour I Vegetarian Pasta I Rich in Fibre & Protein - 500G, Pack of 1",Gustora,noodles_pasta,noodles-pasta,500.0,g,205.0,jiomart
94,jiomart_best_farms_best_farms_tur_arhar_dal_1_kg,Best Farms Tur / Arhar Dal 1 kg,Best Farms,essentials,pulses,1.0,kg,181.0,jiomart
95,jiomart_green_piece_green_piece_kesar_yellow_edible_liquid_food_colour_15_ml_eachpack_of_2,Green Piece Kesar Yellow Edible Liquid Food Colour .(15 ml each)(Pack of 2),Green Piece,flavourings,pickles-chutney,15.0,ml,159.0,jiomart
96,jiomart_veer_brand_veer_special_extra_long_grain_biryani_basmati_rice_10kg,VEER SPECIAL - Extra Long Grain Biryani Basmati Rice - 10Kg,Veer Brand,essentials,rice,10.0,kg,1369.0,jiomart
97,jiomart_fruvanta_fruvanta_green_chilli_pickle_mix_pickle_and_mango_pickle_200gm_x_3_pack_of_3,"Fruvanta Green Chilli Pickle, Mix Pickle and Mango Pickle (200gm X 3) (Pack of 3)",Fruvanta,flavourings,pickles-chutney,200.0,g,239.0,jiomart
98,jiomart_agri_club_agri_club_roasted_buckwheat_kernels_2_kg,Agri Club Roasted Buckwheat Kernels 2 kg,Agri Club,essentials,wheat-soya,2.0,kg,659.0,jiomart
99,jiomart_apka_kisan_apka_kisan_black_wheat_atta_3_kg_kala_godum_black_wheat_chakki_fresh_atta_stone_grinded_n,APKA KISAN | BLACK WHEAT ATTA | 3 KG | KALA GODUM | BLACK WHEAT CHAKKI FRESH ATTA | STONE GRINDED | NO PRESERVATIVES | FARMERS OF MADHYA PRADESH,Apka Kisan,essentials,flour,3.0,kg,449.0,jiomart
100,jiomart_pink_delight_pink_delight_sulphurless_double_refined_sugar_1_kgmishri_whole_sabut_mishri_1_kg_pack_o,Pink Delight Sulphurless Double Refined Sugar 1 Kg+Mishri Whole (Sabut Mishri) 1 Kg | Pack of 2 | 2 Kg Combo Pack,Pink Delight,essentials,salt-sugar,1.0,kg,330.0,jiomart
101,jiomart_surya_surya_1kg_mixed_vegetable_pickle_home_made_taste,Surya 1kg Mixed Vegetable Pickle | Home made taste,Surya,flavourings,pickles-chutney,1.0,kg,289.0,jiomart
102,jiomart_pintola_pintola_high_protein_dark_chocolate_peanut_butter_creamy_510g_30g_protein_whey_protein_high_,"Pintola HIGH Protein DARK Chocolate Peanut Butter (Creamy, 510g) 30g Protein, Whey Protein, High Fiber, Crispy, Gluten Free, Zero Trans Fat & Unsalted Chocolate flavour Nut butter, Premium Roasted Nuts",Pintola,spread,sauce-ketchup-butter,510.0,g,336.0,jiomart
103,jiomart_pansari_pansari_atta_combo_bedmi_poori_atta_missi_roti_500gx2_2_kg,"Pansari Atta combo Bedmi Poori atta, Missi Roti (500gx2)- 2 Kg",Pansari,essentials,flour,500.0,g,369.0,jiomart
104,jiomart_tulsy_tulsy_250_g_premium_whole_toor_pigeon_peas_protein_rich,Tulsy 250 g Premium Whole toor | Pigeon Peas | Protein rich,Tulsy,essentials,pulses,250.0,g,129.0,jiomart
105,jiomart_wonderland_foods_wonderland_foods_200g_100gx2_phool_makhana_foxnut_pack_of_2_pouch_healthy_lotus_see,Wonderland Foods 200g (100gX2) Phool Makhana (Foxnut) Pack of 2 Pouch | Healthy Lotus Seeds for Snacking,Wonderland Foods,essentials,dry-fruits-nuts,200.0,g,292.0,jiomart
106,jiomart_andramart_andramart_premium_raw_whole_cashews_1_kg_kaju_best_quality_cashews_from_palasa,ANDRAMART- Premium Raw Whole Cashews - 1 KG | Kaju | Best Quality Cashews from PALASA,Andramart,essentials,dry-fruits-nuts,1.0,kg,839.0,jiomart
107,jiomart_veganic_veganic_organic_pure_desi_home_made_tents_dela_pickle1kg,"Veganic Organic Pure Desi Home Made Tents, Dela Pickle,1Kg",Veganic,flavourings,pickles-chutney,1.0,kg,439.0,jiomart
108,jiomart_india_flavour_india_flavour_pure_coffee_100_pure_instant_coffee_powder_energizing_coffee_blend_no_ad,"INDIA FLAVOUR Pure Coffee | 100% Pure Instant Coffee Powder | Energizing Coffee Blend, No Additives (100 Gram Each, Pack of 2)",India Flavour,beverage,tea-cofee,100.0,g,430.0,jiomart
109,jiomart_agri_club_agri_club_roasted_buckwheat_kernels_1_kg,Agri Club Roasted Buckwheat Kernels 1 kg,Agri Club,essentials,wheat-soya,1.0,kg,404.0,jiomart
110,jiomart_kush_gold_kush_gold_himalayan_rock_salt_powder_sendha_namak_lahori_namak_250gm,Kush Gold Himalayan Rock Salt Powder / Sendha Namak / Lahori Namak (250gm),Kush Gold,essentials,salt-sugar,250.0,g,145.0,jiomart
111,jiomart_red_cliff_red_cliff_edible_lemon_yellow_food_colour_powder_vibrant_natural_colour_for_baking_cake_de,"RED CLIFF Edible Lemon Yellow Food Colour Powder | Vibrant Natural Colour for Baking, Cake Decorating, Cooking | 20g",Red Cliff,flavourings,pickles-chutney,20.0,g,199.0,jiomart
112,jiomart_goshudh_goshudh_bajra_atta_5_kg_pearl_millet_flour,Goshudh Bajra Atta 5 kg Pearl Millet Flour,Goshudh,essentials,flour,5.0,kg,580.0,jiomart
113,jiomart_krishiyug_krishiyug_gi_tag_nagri_dubraj_rice_1_kg_dhamtari_origin_chhattisgarhs_premium_aromatic_ric,Krishiyug GI Tag Nagri Dubraj Rice 1 Kg Dhamtari Origin Chhattisgarh’s Premium Aromatic Rice,Krishiyug,essentials,rice,1.0,kg,325.0,jiomart
114,jiomart_anmol_anmol_classical_26_kg_raw_sona_masoori_rice,ANMOL CLASSICAL 26 Kg Raw Sona Masoori Rice,Anmol,essentials,rice,26.0,kg,2120.0,jiomart
115,jiomart_shivas_shivas_bajra_flour_pearl_millet_flour_bajra_atta_2_kg,SHIVA'S BAJRA FLOUR | PEARL MILLET FLOUR | BAJRA ATTA - 2 KG,Shiva'S,essentials,flour,2.0,kg,290.0,jiomart
116,jiomart_trinetra_trinetra_mishri_1000_g_500g_x_2_pack_sugar,Trinetra Mishri 1000 g (500g X 2 Pack) Sugar,Trinetra,essentials,salt-sugar,1000.0,g,108.0,jiomart
117,jiomart_freshocartz_freshocartz_tamarind_sweet_sour_candy_sticks_400_g,FreshoCartz Tamarind Sweet Sour Candy Sticks 400 g,Freshocartz,chocolate,chocolate,400.0,g,208.0,jiomart
118,jiomart_pitaamah_pitaamah_hmt_rice_20kg_bag_aged_rice_traditionally_milled_unpolished_rice_direct_from_farme,Pitaamah HMT Rice | 20kg Bag | Aged Rice | Traditionally Milled | Unpolished Rice | Direct From Farmers,Pitaamah,essentials,rice,20.0,kg,1999.0,jiomart
119,jiomart_gaocha_gaocha_best_quality_sugandhi_chinnor_kalimooch_rice_old_20_kgs,GAOCHA Best Quality Sugandhi Chinnor Kalimooch Rice (Old) 20 Kgs,Gaocha,essentials,rice,20.0,kg,2399.0,jiomart
120,jiomart_trinetra_trinetra_rajgira_atta_250_g_pack,Trinetra Rajgira Atta 250 g Pack,Trinetra,essentials,flour,250.0,g,155.0,jiomart
121,jiomart_kelloggs_kelloggs_nuts_delight_muesli_1_kg,Kellogg's Nuts Delight Muesli 1 kg,Kellogg'S,snacks,breakfast,1.0,kg,493.0,jiomart
122,jiomart_befach_befachdiet_and_diabetic_white_rice_free_of_pesticides_non_gmo_certified_low_gi_low_sugar_whit,"BEFACH-Diet and Diabetic White Rice Free of Pesticides, Non GMO, Certified Low GI & Low Sugar White Rice Perfect for Diet & Diabetic Patients",Befach,essentials,rice,,,149.0,jiomart
123,jiomart_sarvottam_sarvottam_premium_assam_ctc_tea_1kg_pack_of_2_500g_each_strong_granular_chai_patti_blend_f,"Sarvottam Premium Assam CTC Tea 1kg (Pack of 2, 500g each), Strong & Granular Chai Patti, Blend for Bold Flavor",Sarvottam,beverage,tea-cofee,1.0,kg,480.0,jiomart
124,jiomart_danima_danima_celebration_coconut_cookies_300_g_pack_of_2,"Danima Celebration Coconut Cookies, 300 G (Pack of 2)",Danima,snacks,bakery,300.0,g,319.0,jiomart
125,jiomart_mr_healthy_eats_mr_healthy_eats_red_rice_dal_khichdi_mix_for_kids_in_foodgrade_container_400_gms_6_m,"M.R Healthy Eats Red Rice, Dal Khichdi Mix for Kids in Food-Grade Container 400 GMS (+6 Months)",M.R Healthy Eats,baby,baby,,R,231.0,jiomart
126,jiomart_popcorn_company_popcorn_company_cotton_candybuddhi_ke_baalcandy_floss_blueberrylichibubblegum_flavou,"Popcorn & Company Cotton Candy/Buddhi ke baal/Candy Floss (Blueberry,Lichi,Bubblegum) Flavour Pack of 3- 240g",Popcorn & Company,chocolate,chocolate,240.0,g,215.0,jiomart
127,jiomart_pink_delight_pink_delight_double_refined_daily_sugarmalka_masoor_whole_1_kg_each_pack_of_2_2_kg_pack,Pink Delight |Double Refined Daily Sugar+Malka Masoor Whole | 1 Kg Each | Pack of 2 | 2 Kg Pack,Pink Delight,essentials,salt-sugar,1.0,kg,359.0,jiomart
128,jiomart_green_piece_green_piece_jain_sauce_with_no_oniongarlic_green_chilli_saucecatchup_500gm,Green Piece Jain Sauce With No Onion/Garlic Green Chilli Sauce/Catchup .500gm,Green Piece,spread,sauce-ketchup-butter,0.5,g,155.0,jiomart
129,jiomart_br_cart_br_cart_instant_pani_puri_papad_ready_to_fry_gol_gappa_golgappa_fry_puchka_fryums_ready_to_f,"BR CART Instant Pani Puri Papad | Ready to Fry Gol Gappa | Golgappa Fry | Puchka | Fryums | Ready to Fry Papad- Jar Pack (Pack of 1 ,1 kg)",Br Cart,ready_to_eat,ready-to-eat,1.0,kg,289.0,jiomart
130,jiomart_gustora_gustora_healthy_fusilli_tricolore_penne_pasta_combo_pack_of_2_made_of_durum_wheat_semolina_i,Gustora Healthy Fusilli Tricolore & Penne Pasta Combo Pack of 2 Made Of Durum Wheat Semolina I Rich In Protein & Fibre I Zero Cholesterol I Vegetarian I No Trans - Fat I Cooking Time 10 Min - 700 Gm,Gustora,noodles_pasta,noodles-pasta,2.0,,199.0,jiomart
131,jiomart_healthy_panda_healthy_panda_combo_pack_of_peanut_chutney_powder_and_hot_garlic_chutney_250_g_pack_of,Healthy Panda Combo Pack Of Peanut Chutney Powder and Hot Garlic Chutney - 250 g (Pack of 2),Healthy Panda,flavourings,pickles-chutney,250.0,g,175.0,jiomart
132,jiomart_shellfeast_shellfeast_walnut_butter_200_gram_pure_natural_no_added_colour_nut_butter_of_freshest_wal,"Shellfeast Walnut Butter 200 Gram, Pure Natural, No Added Colour | Nut Butter Of Freshest Walnuts",Shellfeast,spread,sauce-ketchup-butter,200.0,g,349.0,jiomart
133,jiomart_goshudh_goshudh_sugar_10_kg,Goshudh Sugar 10 kg,Goshudh,essentials,salt-sugar,10.0,kg,961.0,jiomart
134,jiomart_kitchen_champion_kitchen_champion_long_grain_basmati_rice_super_10kg_premium_aged_basmati_rice_with_,"KITCHEN CHAMPION Long Grain Basmati Rice Super 10kg - Premium Aged Basmati Rice with Extra-Long, Aromatic & Fluffy Grains, Ideal for Biryani, Pulao & Daily Cooking, Naturally Non-Sticky and Flavorful Rice Pack",Kitchen Champion,essentials,rice,10.0,kg,1200.0,jiomart
135,jiomart_mariegold_britannia_vita_marie_gold_biscuits_900_g,Britannia Vita Marie Gold Biscuits 900 g,Mariegold,snacks,biscuit,900.0,g,135.0,jiomart
136,jiomart_btw_btw_bhujia_sev_namkeen_850g_tasty_namkeen_bhujiya_indian_snacks_tea_time_namkeen_bhujia_sev,BTW Bhujia Sev Namkeen 850g | Tasty Namkeen Bhujiya Indian Snacks | Tea Time Namkeen Bhujia Sev,Btw,snacks,chips-namkeen,850.0,g,175.0,jiomart
137,jiomart_gropure_organic_gropure_organic_gud_45kg,GroPure Organic Gud - 4.5kg,Gropure Organic,essentials,salt-sugar,4.5,kg,749.0,jiomart
138,jiomart_swad_swad_mango_pickle_200g,SWAD Mango Pickle 200g,Swad,flavourings,pickles-chutney,200.0,g,134.0,jiomart
139,jiomart_health_fields_health_fields_organic_barley_flour_2_kg_l_barley_flour_l_pack_of_4_l_500_gram_each,Health Fields Organic Barley Flour 2 KG l Barley Flour l Pack of 4 l 500 Gram Each,Health Fields,essentials,flour,2.0,kg,440.0,jiomart
140,jiomart_rafael_salgado_rafael_salgado_olive_oil_100_ml,Rafael Salgado Olive Oil 100 ml,Rafael Salgado,essentials,oil,100.0,ml,191.0,jiomart
141,jiomart_mutti_mutti_pizza_sauce_spicy_italys_1_brand_of_tomatoes_fresh_taste_for_cooking_800_g,Mutti Pizza Sauce Spicy Italy’s #1 Brand of Tomatoes | Fresh Taste for Cooking (800 g),Mutti,spread,sauce-ketchup-butter,800.0,g,675.0,jiomart
142,jiomart_pintola_pintola_organic_peanut_butter_creamy_unsweetened_700_g_pack_of_2,Pintola Organic Peanut Butter (Creamy) (Unsweetened) 700 g (Pack of 2),Pintola,spread,sauce-ketchup-butter,700.0,g,346.0,jiomart
143,jiomart_green_piece_green_piece_durum_wheat_elbow_pasta_free_pasta_masala_400gm,Green Piece DURUM WHEAT Elbow Pasta (Free Pasta Masala) 400gm.,Green Piece,noodles_pasta,noodles-pasta,400.0,g,177.0,jiomart
144,jiomart_la_casa_la_casa_metallic_gel_food_color_forest_green_40_ml,La Casa Metallic Gel Food Color - Forest Green 40 Ml,La Casa,flavourings,pickles-chutney,40.0,ml,155.0,jiomart
145,jiomart_aplenty_aplenty_natural_mango_pulppuree_pure_alphanso_mango_fruit_pulp_no_added_sugar_no_preservativ,"Aplenty Natural Mango Pulp/Puree | Pure Alphanso Mango Fruit Pulp -No Added Sugar, No Preservatives Suitable For Smoothie, Muesli, Dessert, Drinks, Ice Cream And Cake (850g)",Aplenty,chocolate,chocolate,850.0,g,368.0,jiomart
146,jiomart_good_life_good_life_coriander_powder_200_g,Good Life Coriander Powder 200 g,Good Life,essentials,masala,200.0,g,40.0,jiomart
147,jiomart_the_whole_truth_the_whole_truth_dark_chocolate_hazelnut_pack_of_3_no_added_sugar_sweetened_only_with,The Whole Truth - Dark Chocolate - Hazelnut (Pack of 3) - No Added Sugar - Sweetened Only with dates - 47% Cocoa - 38% Dates - 15% Hazelnuts,The Whole Truth,chocolate,chocolate,3.0,pack,1069.0,jiomart
148,jiomart_everin_everin_nutri_high_protien_soya_chunks_1_kg_combo_pack_of_2,Everin Nutri High Protien Soya Chunks 1 Kg - Combo Pack of 2,Everin,essentials,wheat-soya,1.0,kg,430.0,jiomart
149,starquik_nandini_nandini_fresh_curd_500_ml,Nandini Fresh Curd 500 Ml,Nandini,dairy,general,,,,starquik
150,jiomart_kesarco_kesarco_premium_raw_california_almonds_500gm,KESARCO Premium Raw California Almonds 500gm,Kesarco,essentials,dry-fruits-nuts,500.0,g,393.0,jiomart
151,jiomart_gaocha_gaocha_best_quality_chinnor_kalimooch_rice_new_15_kgs,GAOCHA Best Quality Chinnor Kalimooch Rice (New) 15 Kgs,Gaocha,essentials,rice,15.0,kg,1799.0,jiomart
152,jiomart_vedic_wellness_vedic_wellness_dried_blueberries_sweet_healthy_snack_vegan_nongmo_500g,VEDIC WELLNESS Dried Blueberries | Sweet & Healthy Snack | Vegan & Non-GMO | 500g,Vedic Wellness,essentials,dry-fruits-nuts,500.0,g,289.0,jiomart
153,jiomart_goshudh_goshudh_singhada_atta_5_kg_chestnut_flour,Goshudh Singhada Atta 5 kg Chestnut Flour,Goshudh,essentials,flour,5.0,kg,1290.0,jiomart
154,jiomart_tummyfriendly_foods_tummyfriendly_foods_millet_cookies_peanut_butter_pack_of_2_75g_each_healthy_ragi,"TummyFriendly Foods Millet Cookies - Peanut Butter - Pack of 2 - 75g each. Healthy Ragi Biscuits, snacks for Baby, Kids & Adults",Tummyfriendly Foods,baby,baby,75.0,g,229.0,jiomart
155,jiomart_parle_parle_platina_nutricrunch_digestive_cookies_1_kg,Parle Platina Nutricrunch Digestive Cookies 1 kg,Parle,snacks,biscuit,1.0,kg,142.0,jiomart
156,jiomart_rn_cart_rn_cart_wheat_penne_pasta_penne_pasta_twist_pasta_durum_wheat_pasta_penne,RN Cart Wheat Penne Pasta | Penne Pasta | Twist Pasta | Durum Wheat Pasta Penne,Rn Cart,noodles_pasta,noodles-pasta,2.0,kg,399.0,jiomart
157,jiomart_the_ancient_remedy_the_ancient_remedy_vermicelli_480gm_100_natural_premium_quality_nonsticky_roasted,"The Ancient Remedy Vermicelli - 480gm | 100% Natural, Premium Quality, Non-Sticky Roasted Pasta | Perfect for Kheer, Upma, Desserts, Breakfast & Healthy Recipes ",|The Ancient Remedy,noodles_pasta,noodles-pasta,480.0,g,299.0,jiomart
158,jiomart_red_rose_red_rose_mongra_basmati_rice_30_kg,"RED ROSE MONGRA BASMATI RICE, 30 KG",Red Rose,essentials,rice,30.0,kg,1599.0,jiomart
159,jiomart_gangaur_gangaur_moong_mogar_dal_1_kg,Gangaur Moong Mogar Dal 1 kg,Gangaur,essentials,pulses,1.0,kg,269.0,jiomart
160,jiomart_yuvraj_yuvraj_tej_masala_papad_moong_dal_marwari_taste_500_gm,Yuvraj Tej Masala Papad Moong dal Marwari Taste 500 gm,Yuvraj,ready_to_eat,ready-to-eat,500.0,g,164.0,jiomart
161,jiomart_momsy_momsy_premium_khus_khus_poppy_seeds_posta_dana_khas_khas_seed_kasa_kasa_50_gm,Momsy Premium Khus Khus| Poppy Seeds| Posta Dana| Khas Khas Seed| Kasa Kasa (50 Gm),Momsy,essentials,dry-fruits-nuts,50.0,g,201.0,jiomart
162,jiomart_healthy_panda_healthy_panda_multigrain_dry_fruit_malt_125_g,Healthy Panda Multigrain Dry Fruit Malt - 125 g,Healthy Panda,beverage,juice-drink,125.0,g,133.0,jiomart
163,jiomart_good_life_good_life_apricots_100_g,Good Life Apricots 100 g,Good Life,essentials,dry-fruits-nuts,100.0,g,74.0,jiomart
164,jiomart_laxmi_laxmi_daily_feast_5_kg_toor_dal_oily_arhar_dal_tur_dal_coated_with_oil_also_used_as_pigeon_pea,Laxmi Daily Feast 5 kg Toor Dal Oily | Arhar Dal | Tur Dal Coated with Oil Also Used as Pigeon Pea,Laxmi,essentials,pulses,5.0,kg,1490.0,jiomart
165,jiomart_ahlive_ahlive_olive_pomace_oil_ideal_for_all_indian_cooking_imported_from_spain_525_ltr,"Ahlive Olive Pomace Oil, Ideal for All Indian Cooking, (Imported from Spain ) - 5.25 LTR",Ahlive,essentials,oil,5.25,L,1587.0,jiomart
166,jiomart_gm_foods_gm_foods_class_poha_500g_combo_of_2_pcs,GM FOODS Class Poha 500g combo of 2 Pcs,Gm Foods,ready_to_eat,ready-to-eat,500.0,g,168.0,jiomart
167,jiomart_delight_foods_delight_foods_mylapore_iyers_mango_thokku_300g_rice_mix_homemade_recipe_with_gingellys,Delight Foods Mylapore Iyer's Mango Thokku 300g - Rice Mix | Homemade Recipe with gingelly/Sesame oil | Mango Thokku Pickle/Aam Ka Aachar/Magaya Pachadi | Tamil Nadu Special | NO PRESERVATIVES,Delight Foods,flavourings,pickles-chutney,300.0,g,329.0,jiomart
168,jiomart_wonderland_foods_wonderland_foods_california_badam_1kg_500g_x_2_pouch,Wonderland Foods California Badam 1Kg (500g X 2) Pouch,Wonderland Foods,essentials,dry-fruits-nuts,1.0,kg,864.0,jiomart
169,jiomart_savour_savour_roasted_dalia_500g_pack_of_6_500g_x_6,"SAVOUR ROASTED DALIA 500G PACK OF 6, 500G X 6",Savour,essentials,flour,500.0,g,324.0,jiomart
170,jiomart_kwik_snack_kwik_snack_by_kwik_snack_combo_masala_oats_pouch_4_x_400_g,kwik snack by KWIK SNACK COMBO MASALA OATS Pouch (4 x 400 g),Kwik Snack,snacks,breakfast,,g,797.0,jiomart
171,jiomart_gustora_gustora_100_durum_wheat_semolina_i_fiber_rich_i_nongmo_i_vegetarian_i_farfalle_500g_and_penn,"Gustora 100% Durum Wheat Semolina I Fiber Rich I Non-GMO I Vegetarian I Farfalle (500g) and Penne Rigate (500g) Pasta Combo (Pack of 2, 1Kg)",Gustora,noodles_pasta,noodles-pasta,500.0,g,249.0,jiomart
172,jiomart_shivas_shivas_wheat_daliya_broken_wheat_gehu_daliya_porridge_500_g,SHIVA'S WHEAT DALIYA | BROKEN WHEAT | GEHU DALIYA | PORRIDGE - 500 G,Shiva'S,essentials,flour,500.0,g,170.0,jiomart
173,jiomart_multano_pro_multano_coldpressed_yellow_mustard_oil_900ml_combo,Multano Cold-Pressed Yellow Mustard Oil 900ml Combo,Multano Pro,essentials,oil,900.0,ml,994.0,jiomart
174,jiomart_chokhi_dhani_chokhi_dhani_mango_chutney_aam_ki_chutney_300gm_made_with_raw_mangoes_oil_free_khatta_m,"Chokhi Dhani Mango Chutney - Aam ki Chutney 300gm | Made with Raw Mangoes, Oil Free Khatta Meetha Mango Chatni | No Added Preservatives, No Artificial Flavours | Traditional Recipe (Pack of 1)",Chokhi Dhani,flavourings,pickles-chutney,300.0,g,169.0,jiomart
175,jiomart_dukes_dukes_waffy_orange_wafers_55_g,Dukes Waffy Orange Wafers 55 g,Dukes,snacks,biscuit,55.0,g,22.0,jiomart
176,jiomart_trinetra_trinetra_sugar_400_g,Trinetra Sugar 400 g,Trinetra,essentials,salt-sugar,400.0,g,44.0,jiomart
177,jiomart_angira_angiratender_coconut_water_premix_powder_pack_of_10_sachets_with_natural_electrolytes,Angira-Tender Coconut Water Premix Powder Pack of 10 Sachets with Natural Electrolytes,Angira,beverage,juice-drink,10.0,sachets,199.0,jiomart
178,jiomart_natureu_wood_pressedcold_pressedkacchi_ghanilakdi_ghana_groundnut_oil,Wood Pressed/Cold pressed/Kacchi Ghani/Lakdi Ghana Groundnut Oil,Natureu,essentials,oil,,,350.0,jiomart
179,jiomart_organic_purify_organic_purify_cola_flavoured_bottle_candy_400g_jar_pack_hard_candy,Organic Purify Cola Flavoured Bottle Candy - 400g Jar Pack (Hard Candy),Organic Purify,chocolate,chocolate,400.0,g,199.0,jiomart
180,jiomart_shree_aanantam_shree_aanantam_extra_virgin_olive_oil_500ml_pure_olive_oil_for_cooking_olive_oil_extr,Shree Aanantam Extra Virgin Olive Oil - 500ml | Pure Olive Oil for Cooking | Olive Oil Extra Virgin Cold Pressed,Shree Aanantam,essentials,oil,500.0,ml,549.0,jiomart
181,jiomart_fruvanta_fruvanta_jain_combo_pizza_pasta_sauce_and_eggless_mayonnaise200gm_x_2pack_of_2,Fruvanta Jain Combo Pizza Pasta Sauce and Eggless Mayonnaise.(200gm x 2(Pack of 2),Fruvanta,spread,sauce-ketchup-butter,200.0,g,176.0,jiomart
182,jiomart_grain_cottage_grain_cottage_diet_atta_1_kg,Grain cottage diet atta 1 kg,Grain Cottage,essentials,flour,1.0,kg,230.0,jiomart
183,jiomart_postman_postman_premium_filtered_groundnut_oil_2l_refined_groundnut_oil_1l,Postman Premium Filtered Groundnut Oil 2L & Refined Groundnut Oil 1L,Postman,essentials,oil,2.0,L,810.0,jiomart
184,jiomart_ashok_ashok_easyn_lite_instant_mast_masala_macaroni_55_g_pack_of_6,Ashok Easy'n Lite Instant Mast Masala Macaroni 55 g Pack of 6,Ashok,noodles_pasta,noodles-pasta,55.0,g,115.0,jiomart
185,jiomart_organic_purify_organic_purify_amla_candy_400gm,Organic Purify AMLA Candy 400GM,Organic Purify,chocolate,chocolate,400.0,g,199.0,jiomart
186,jiomart_good_life_good_life_chana_dal_1_kg,Good Life Chana Dal 1 kg,Good Life,essentials,pulses,1.0,kg,97.0,jiomart
187,jiomart_trinetra_trinetra_multigrain_flour_10_kg_pack,Trinetra Multigrain Flour 10 kg Pack,Trinetra,essentials,flour,10.0,kg,1160.0,jiomart
188,jiomart_goshudh_goshudh_makka_atta_5_kg_maize_flour,Goshudh Makka Atta 5 kg Maize Flour,Goshudh,essentials,flour,5.0,kg,650.0,jiomart
189,jiomart_duncans_finest_hand_picked_leaf_tea_duncans_finest_hand_picked_leaf_tea_double_diamond_tulsi_green_t,Duncans Finest Hand - Picked Leaf Tea - Double Diamond Tulsi Green Tea (Pack of 25 Tea Bags),Duncans Finest Hand - Picked Leaf Tea,beverage,tea-cofee,25.0,,138.0,jiomart
190,jiomart_fruvanta_fruvanta_hot_lemon_pickle_200gm_pack_of_2,Fruvanta Hot Lemon Pickle 200gm. (Pack of 2),Fruvanta,flavourings,pickles-chutney,200.0,g,229.0,jiomart
191,jiomart_la_casa_la_casa_strawberry_chocolate_spread_made_in_india_350g_,La Casa Strawberry Chocolate Spread | Made in India | 350g ,|La Casa,spread,sauce-ketchup-butter,350.0,g,259.0,jiomart
192,jiomart_maharani_maharani_everyday_basmati_rice_medium_grain_steam_10_kg,"Maharani Everyday Basmati Rice (Medium Grain, Steam) (10 kg)",Maharani,essentials,rice,10.0,kg,1299.0,jiomart
193,jiomart_coreganic_coreganic_100_natural_crunchy_premium_whole_cashews_100g,Coreganic 100% Natural & Crunchy Premium Whole Cashews 100g,Coreganic,essentials,dry-fruits-nuts,100.0,g,225.0,jiomart
194,jiomart_pintola_pintola_high_protein_peanut_butter_jaggery_crunchy_1kg,Pintola HIGH Protein Peanut Butter (JAGGERY) (Crunchy) 1kg,Pintola,spread,sauce-ketchup-butter,1.0,kg,512.0,jiomart
195,jiomart_1952_1952_golden_blend_nice_grind_south_indian_filter_coffee_powder_blend_of_handpicked_chigmagalur_,1952 Golden Blend Nice Grind | South Indian Filter Coffee Powder - Blend of Handpicked Chigmagalur Coffee with Slow-Roasted Perfectly Grounded Chicory ( Nice Grind-P1 ),1952,beverage,tea-cofee,1952.0,Golden,270.0,jiomart
196,jiomart_add_me_add_me_combo_pack_of_dry_mango_pickle_sweet_mango_chutney_rajasthani_hari_mirch_ka_achar_amla,"Add Me combo pack of Dry Mango Pickle | Sweet Mango Chutney | Rajasthani Hari Mirch ka achar | Amla Murabba | Sweet & Sour Lime Pickle | Mixed Pickle 50gm each, Pack of 7 Qty.: 350gm",Add Me,flavourings,pickles-chutney,50.0,g,299.0,jiomart
197,jiomart_maggi_maggi_2minute_masala_instant_noodles_420_g,Maggi 2-Minute Masala Instant Noodles 420 g,Maggi,noodles_pasta,noodles-pasta,420.0,g,80.0,jiomart
198,jiomart_natures_quest_natures_quest_whole_wheat_1800_gms_gehu_wheat_grain,Nature's Quest Whole Wheat 1800 Gms | Gehu | Wheat Grain,Nature'S Quest,essentials,wheat-soya,1800.0,g,359.0,jiomart
199,jiomart_pansari_pansari_horeca_1121_xl_golden_sella_basmati_rice_long_grain_rice_30kg,Pansari Horeca 1121 XL Golden Sella Basmati Rice | Long Grain Rice - 30kg,Pansari,essentials,rice,1121.0,XL,2899.0,jiomart
200,jiomart_wai_wai_wai_wai_ready_to_eat_veg_masala_cup_noodles_70_g,Wai Wai Ready to Eat Veg Masala Cup Noodles 70 g,Wai Wai,noodles_pasta,noodles-pasta,70.0,g,28.0,jiomart
201,jiomart_aeroplane_brand_aeroplane_classic_steam_basmati_rice_5_kg,Aeroplane Classic Steam Basmati Rice 5 Kg,Aeroplane Brand,essentials,rice,5.0,kg,1008.0,jiomart
202,jiomart_innum_konjam_innum_konjam_kaikuthal_rice_hand_pound_rice_1kg,Innum Konjam - Kaikuthal Rice (Hand Pound Rice) - 1KG,Innum Konjam,essentials,rice,1.0,kg,339.0,jiomart
203,jiomart_swad_swad_alphonso_mango_slice_in_syrup_850g,SWAD Alphonso Mango Slice In Syrup 850g,Swad,ready_to_eat,ready-to-eat,850.0,g,385.0,jiomart
204,jiomart_piyor_piyor_california_roasted_salted_pistachios_pista_1000g_jar_pack,PIYOR California Roasted & Salted Pistachios (Pista) 1000g Jar Pack,Piyor,essentials,dry-fruits-nuts,1000.0,g,995.0,jiomart
205,jiomart_patanjali_patanjali_whole_wheat_atta_with_bran_5_kg,Patanjali Whole Wheat Atta with Bran 5 kg,Patanjali,essentials,flour,5.0,kg,249.0,jiomart
206,jiomart_veganic_veganic_mix_pickle_handmade_mix_achar_ready_to_eat_premium_mixed_pickel_400g,Veganic Mix Pickle | Handmade Mix Achar | Ready to eat Premium Mixed Pickel 400g,Veganic,flavourings,pickles-chutney,400.0,g,259.0,jiomart
207,jiomart_gustora_gustora_pasta_and_sauce_combo_of_penne_pasta_500gm_arrabbiata_sauce_tomato_basil_sauce_combo,"Gustora Pasta and Sauce Combo of Penne Pasta, 500gm, Arrabbiata Sauce, Tomato & Basil Sauce Combo (700 Gram)",Gustora,noodles_pasta,noodles-pasta,500.0,g,283.0,jiomart
208,jiomart_kesarco_kesarco_sunflower_seeds_500gm,KESARCO Sunflower Seeds 500gm,Kesarco,essentials,dry-fruits-nuts,500.0,g,152.0,jiomart
209,jiomart_momsy_momsy_premium_100_pure_honey_with_no_sugar_adulteration_450gm,Momsy Premium 100% Pure Honey with No Sugar Adulteration (450gm),Momsy,spread,sauce-ketchup-butter,450.0,g,308.0,jiomart
210,jiomart_india_gate_india_gate_super_basmati_rice_5_kg,India Gate Super Basmati Rice 5 kg,India Gate,essentials,rice,5.0,kg,699.0,jiomart
211,jiomart_oreal_organic_oil_oreal_canola_mustard_and_groundnut_oil_edible_oil_pack_of_2_1_litre_each,"Oreal Canola | Mustard and Groundnut oil Edible oil Pack of 2, 1 Litre each",Oreal Organic Oil,essentials,oil,1.0,L,1399.0,jiomart
212,jiomart_gits_gits_basundi_mix_125_g,Gits Basundi Mix 125 g,Gits,ready_to_eat,ready-to-eat,125.0,g,80.0,jiomart
213,jiomart_yuvraj_yuvraj_rice_papad_rajasthani_khichiya_marwari_taste_fryums_500_g,Yuvraj Rice Papad Rajasthani Khichiya Marwari Taste Fryums 500 g,Yuvraj,ready_to_eat,ready-to-eat,500.0,g,188.0,jiomart
214,jiomart_good_life_good_life_whole_urad_500_g,Good Life Whole Urad 500 g,Good Life,essentials,pulses,500.0,g,67.0,jiomart
215,jiomart_green_piece_green_piece_vanilla_and_chocolate_flavor_food_essence30gm_x2pack_of_2,Green Piece Vanilla and Chocolate Flavor food Essence.(30gm x2)(Pack of 2),Green Piece,flavourings,pickles-chutney,30.0,g,212.0,jiomart
216,jiomart_pusht_organic_pusht_organic_mix_dal_1kg,Pusht Organic Mix Dal - 1Kg,Pusht Organic,essentials,pulses,1.0,kg,248.0,jiomart
217,jiomart_gustora_gustora_durum_wheat_semolina_conchigile_fusilli_pasta_combo_i_vegetarian_i_zero_cholestrol_i,Gustora Durum Wheat Semolina Conchigile & Fusilli Pasta Combo I Vegetarian I Zero Cholestrol I Rich in Fibre & Protein I Healthy Diet - (500g X 4),Gustora,noodles_pasta,noodles-pasta,500.0,g,349.0,jiomart
218,jiomart_dr_brand_dr_brand_cooking_soda_100_g,Dr. Brand Cooking Soda 100 g,Dr. Brand,ready_to_eat,ready-to-eat,,Brand,17.0,jiomart
219,jiomart_momsy_momsy_premium_macaroni_pasta_no_maida_250gm_high_protein,"Momsy Premium Macaroni Pasta, No Maida (250gm) High Protein",Momsy,noodles_pasta,noodles-pasta,250.0,g,195.0,jiomart
220,jiomart_momsy_momsy_premium_homemade_carrot_pickle_gajar_ka_achaar_punjabi_style_450gm,"Momsy Premium Homemade Carrot Pickle| Gajar Ka Achaar, Punjabi Style (450gm)",Momsy,flavourings,pickles-chutney,450.0,g,244.0,jiomart
221,jiomart_bb_organics_bb_organics_foxtail_millet_noodles180g_pack_of_2_traditional_millet_noodles_thinai_noodl,B&B Organics Foxtail Millet Noodles(180g)- Pack of 2 / Traditional Millet Noodles /Thinai Noodles .,B&B Organics,noodles_pasta,noodles-pasta,180.0,g,295.0,jiomart
222,jiomart_gone_mad_gone_mad_choco_fillo_pack_of_24_crispy_creamy_delicious_chocolate_filled_snack,"Gone Mad Choco Fillo Pack of 24- Crispy, Creamy & Delicious Chocolate Filled Snack",Gone Mad,chocolate,chocolate,24.0,pack,239.0,jiomart
223,jiomart_fortune_fortune_besan_1_kg,Fortune Besan 1 kg,Fortune,essentials,flour,1.0,kg,109.0,jiomart
224,jiomart_good_life_good_life_black_watana_500_g,Good Life Black Watana 500 g,Good Life,essentials,pulses,500.0,g,59.0,jiomart
225,jiomart_guinea_guinea_filtered_pure_groundnut_oil_1_l,Guinea Filtered Pure Groundnut Oil 1 L,Guinea,essentials,oil,1.0,L,209.0,jiomart
226,jiomart_kwik_snack_kwik_snack_ott18oats_classic_oats_pouch_200_g,kwik snack (OTT18-Oats) Classic Oats Pouch (200 g),Kwik Snack,snacks,breakfast,200.0,g,155.0,jiomart
227,jiomart_taali_taali_smoky_barbeque_protien_puffs_60_g,Taali Smoky Barbeque Protien Puffs 60 g,Taali,snacks,chips-namkeen,60.0,g,36.0,jiomart
228,jiomart_freshocartz_freshocartz_milk_stone_candy_400gm_rock_candy_rock_shape_chocolate_choco_rocks_stone_muk,FreshoCartz Milk Stone Candy 400gm | Rock Candy | Rock Shape Chocolate | Choco Rocks | Stone Mukhwas - Jar Pack,Freshocartz,chocolate,chocolate,400.0,g,199.0,jiomart
229,jiomart_kwality_kwality_ice_cream_mix_100g_box_vanillapack_of_5,Kwality Ice Cream Mix 100g Box Vanilla[Pack of 5],Kwality,ready_to_eat,ready-to-eat,100.0,g,249.0,jiomart
230,jiomart_pinkcity_pinkcity_wellness_kachi_ghani_mustard_oil_3l_wood_pressed_1_x_3_litres_bottle,Pinkcity Wellness Kachi Ghani Mustard Oil 3L | Wood Pressed | 1 x 3 Litres Bottle,Pinkcity,essentials,oil,,L,710.0,jiomart
231,jiomart_lotus_lotus_spices_black_pepper_25_g,Lotus Spices Black Pepper 25 g,Lotus,essentials,masala,25.0,g,35.0,jiomart
232,jiomart_green_piece_green_piece_jain_combo_without_oniongarlicpotato_soya_sauce_200gmgreen_chilli_sauce_200g,"Green Piece Jain Combo Without Onion/garlic/Potato Soya Sauce (200gm),green Chilli Sauce (200gm),Red Chilli Sauce (200gm) and vinegar (200gm) (Pack of 4)",Green Piece,spread,sauce-ketchup-butter,200.0,g,219.0,jiomart
233,jiomart_kwik_snack_kwik_snack_by_kwik_snack_combo_quick_oats_pouch_5_x_800_g,kwik snack by Kwik Snack COMBO QUICK OATS Pouch (5 x 800 g),Kwik Snack,snacks,breakfast,,g,697.0,jiomart
234,jiomart_goshudh_goshudh_brown_sugar_5_kg,Goshudh Brown Sugar 5 kg,Goshudh,essentials,salt-sugar,5.0,kg,721.0,jiomart
235,jiomart_avadata_organics_avadata_organics_jaggery_powder_1kg_pack_of_2,Avadata Organics Jaggery Powder | 1kg - Pack of 2,Avadata Organics,essentials,salt-sugar,1.0,kg,305.0,jiomart
236,jiomart_double_horse_double_horse_white_puttu_podi_500g_pack_of_5,Double Horse White Puttu Podi 500g (Pack of 5),Double Horse,essentials,flour,500.0,g,325.0,jiomart
237,jiomart_gifts_of_earth_gifts_of_earth_organic_paneer_dodi_powder_100g_pack_of_1_natural_remedy_for_blood_sug,"Gifts of Earth Organic Paneer Dodi Powder 100g (Pack of 1) | Natural Remedy for Blood Sugar, Gut Health & Detox",Gifts Of Earth,dairy,cheese-paneer,100.0,g,169.0,jiomart
238,jiomart_nutrapoorna_nutrapoorna_daily_need_wheat_atta_5_kg,Nutrapoorna Daily Need Wheat Atta 5 kg,Nutrapoorna,essentials,flour,5.0,kg,357.0,jiomart
239,jiomart_chings_secret_chings_secret_schezwan_instant_noodles_240_g,Ching's Secret Schezwan Instant Noodles 240 g,Ching'S Secret,noodles_pasta,noodles-pasta,240.0,g,60.0,jiomart
240,jiomart_marwar_marwar_moong_dal_special_big_size_2_kg_saver_pack_rajasthani_spicy_papad_9_inch_size,Marwar Moong Dal Special Big Size 2 kg Saver Pack Rajasthani Spicy Papad (9 Inch Size),Marwar,ready_to_eat,ready-to-eat,2.0,kg,699.0,jiomart
241,jiomart_marwar_marwar_red_chili_powder_1_kg_lal_mirchi_powder_red_chilly_powder_agmark_grade_1_kilogram_pack,"Marwar Red Chili Powder 1 Kg (Lal Mirchi Powder | Red Chilly Powder, Agmark Grade) 1 Kilogram Pack",Marwar,essentials,masala,1.0,kg,185.0,jiomart
242,jiomart_maggi_maggi_pazzta_masala_penne_695_g,Maggi Pazzta Masala Penne 69.5 g,Maggi,noodles_pasta,noodles-pasta,69.5,g,24.0,jiomart
243,jiomart_vamitv_vamitv_samvat_rice_sama_chawalsamaksamobhagarbarnyard_millet_800gm_upwaas_food_100_natural,"Vamitv - Samvat Rice (Sama Chawal/Samak/Samo/Bhagar/Barnyard Millet) 800gm, Upwaas Food | 100% Natural",Vamitv,essentials,rice,800.0,g,296.0,jiomart
244,jiomart_bambino_bambino_tasty_traditional_chegodi_120_gms_x_pack_of_3_360_gms,Bambino Tasty Traditional Chegodi 120 gms X Pack of 3 (360 Gms),Bambino,snacks,chips-namkeen,120.0,g,139.0,jiomart
245,jiomart_fruvanta_fruvanta_soya_green_chillired_chillitomato_vinegar_sauce_500ml_x_4_pake_of_5,"Fruvanta Soya ,Green Chilli,Red Chilli,Tomato & Vinegar sauce (500ml x 4) (pake of 5)",Fruvanta,spread,sauce-ketchup-butter,500.0,ml,449.0,jiomart
246,jiomart_mariegold_brittania_vita_marie_gold_248_g,Brittania Vita Marie Gold 248 g,Mariegold,snacks,biscuit,248.0,g,39.0,jiomart
247,jiomart_continental_continental_malgudi_filter_coffee_500gm_pouch_80_coffee_20_chicory,Continental Malgudi Filter Coffee 500gm Pouch (80% Coffee - 20% Chicory),Continental,beverage,tea-cofee,500.0,g,297.0,jiomart
248,jiomart_trinetra_trinetra_brown_sugar_1500_g_500g_x_3_pack,Trinetra Brown Sugar 1500 g (500g X 3 Pack),Trinetra,essentials,salt-sugar,1500.0,g,204.0,jiomart
249,jiomart_dhampur_green_dhampur_green_rock_sugar_300g_natural_pure_rock_sugar_substitute_sugar_for_tea,"Dhampur Green Rock Sugar 300g, Natural Pure Rock Sugar, Substitute Sugar for Tea",Dhampur Green,essentials,salt-sugar,300.0,g,299.0,jiomart
250,jiomart_taali_taali_raw_peanuts_1_kg,Taali Raw Peanuts 1 kg,Taali,essentials,pulses,1.0,kg,149.0,jiomart
251,jiomart_alpino_health_foods_alpino_health_foods_chocolate_super_muesli_nuts_cookies_750_g_70_whole_grains_ch,"ALPINO Health foods - Chocolate Super Muesli Nuts & Cookies | 750 g | 70% Whole Grains & Chocolate Oats, 13% Nuts & Cookies - High in Protein, Source of Fibre - Breakfast Cereal",Alpino Health Foods,snacks,breakfast,750.0,g,579.0,jiomart
252,jiomart_apka_kisan_apka_kisan_sehori_atta_flour_30_kg_sehori_sharbati_chakki_fresh_atta_stone_grinded_no_pre,"APKA KISAN | SEHORI ATTA | FLOUR | 30 KG | SEHORI SHARBATI CHAKKI FRESH ATTA | STONE GRINDED | NO PRESERVATIVES | FARMERS OF SEHORE, MADHYA PRADESH",Apka Kisan,essentials,flour,30.0,kg,2499.0,jiomart
253,jiomart_kharif_kharif_supreme_5kg_extra_long_grain_aromatic_basmati_rice,Kharif Supreme 5kg Extra Long Grain Aromatic Basmati Rice,Kharif,essentials,rice,5.0,kg,550.0,jiomart
254,jiomart_chintawar_dryfruits_chintawar_dryfruits_premium_long_yellow_raisins_iron_calcium_rich_kishmish_for_i,Chintawar Dryfruits | Premium Long Yellow Raisins | Iron & Calcium Rich Kishmish for Immunity & Energy | 250gm Pack | Natural Healthy Dry Fruit Snack,Chintawar Dryfruits,essentials,dry-fruits-nuts,250.0,g,239.0,jiomart
255,jiomart_classic_harvest_classic_harvest_pure_jaggery_whole_block_jaggery_desi_gur_1000_g,Classic Harvest Pure Jaggery Whole / Block Jaggery / Desi Gur (1000 g),Classic Harvest,essentials,salt-sugar,1000.0,g,278.0,jiomart
256,jiomart_white_wolf_white_wolf_peanut_butter_mango_with_mixed_seed_220g,White Wolf Peanut Butter Mango With Mixed Seed | 220g,White Wolf,spread,sauce-ketchup-butter,220.0,g,248.0,jiomart
257,jiomart_crown_rice_crown_divine_long_grain_gluten_free_double_polished_natural_basmati_rice_1_kg,"CROWN Divine Long Grain, Gluten Free, Double Polished, Natural Basmati Rice, 1 KG",Crown Rice,essentials,rice,1.0,kg,200.0,jiomart
258,jiomart_derby_derby_strawberry_flavored_sugarfree_hard_candies_115_candies_330gm,Derby Strawberry Flavored Sugar-Free Hard Candies| 115 candies | 330gm,Derby,chocolate,chocolate,115.0,candies,380.0,jiomart
259,jiomart_chataka_tales_chataka_tales_garlic_in_bhut_jolokia_pickle_a_fiery_fusion_120_gm,Chataka Tales Garlic in Bhut Jolokia Pickle A Fiery Fusion 120 GM,Chataka Tales,flavourings,pickles-chutney,120.0,g,169.0,jiomart
260,jiomart_ram_bandhu_ram_bandhu_mixed_pickle_1_kg,Ram Bandhu Mixed Pickle 1 kg,Ram Bandhu,flavourings,pickles-chutney,1.0,kg,131.0,jiomart
261,jiomart_nutraj_nutraj_bakers_pride_walnuts_kernels_1kg_250g_x_4_68_pieces_akhrot_giri_250g_dry_fruit_walnuts,"Nutraj Bakers Pride Walnuts Kernels 1kg (250g x 4) (6-8 Pieces), Akhrot Giri 250g, Dry Fruit Walnuts (250 g)",Nutraj,essentials,dry-fruits-nuts,1.0,kg,639.0,jiomart
262,jiomart_ghotaram_ghotaram_special_sugar_free_toastruskschaiteacoffee_time_partnerdiabetic_friendlyhealthy_in,GHOTARAM Special Sugar Free Toast/Rusks|Chai/Tea/Coffee Time Partner|Diabetic Friendly|Healthy Indian snack-150gm,Ghotaram,snacks,chips-namkeen,150.0,g,219.0,jiomart
263,jiomart_aweliv_aweliv_extra_light_olive_oil_imported_oil_525_ltr,Aweliv Extra Light Olive Oil ( Imported Oil ) - 5.25 Ltr,Aweliv,essentials,oil,5.25,L,1533.0,jiomart
264,jiomart_namakwali_namakwali_pahadi_flavored_salt_combo_pack_of_4_280g,"Namakwali Pahadi Flavored Salt Combo ( Pack of 4 ), 280g",Namakwali,essentials,salt-sugar,280.0,g,450.0,jiomart
265,jiomart_suhana_suhana_ambari_mirchi_powder_200_g,Suhana Ambari Mirchi Powder 200 g,Suhana,essentials,masala,200.0,g,60.0,jiomart
266,jiomart_go_kitchen_go_kitchen_phool_makhana_1kg_jumbo_size_handpicked_fox_nuts_glutenfree_vegan_healthy_snac,"GO KITCHEN Phool Makhana 1kg - Jumbo Size | Handpicked Fox Nuts | Gluten-Free, Vegan, Healthy Snack",Go Kitchen,essentials,dry-fruits-nuts,1.0,kg,1299.0,jiomart
267,jiomart_chef_urbano_chef_urbano_himalayan_pink_salt_2_x_1_kg,Chef Urbano Himalayan Pink Salt 2 X 1 kg,Chef Urbano,essentials,salt-sugar,,kg,287.0,jiomart
268,jiomart_aeroplane_aeroplane_royal_basmati_rice_5_kg,"Aeroplane Royal Basmati Rice, 5 Kg",Aeroplane,essentials,rice,5.0,kg,499.0,jiomart
269,jiomart_knorr_knorr_pizza_pasta_sauce_200_g,Knorr Pizza & Pasta Sauce 200 g,Knorr,spread,sauce-ketchup-butter,200.0,g,40.0,jiomart
270,jiomart_organic_anand_organic_anand_100_pure_natural_adrak_nimbu_mirchi_pickle_ginger_lemon_green_chilli_mix,"Organic Anand | 100% Pure & Natural Adrak Nimbu Mirchi Pickle | Ginger, Lemon, Green Chilli, Mixed Achhar | Khatta, Spicy | Mixed Pickle | Homemade Pickle | Authentic, No preservative | 350 Gram",Organic Anand,flavourings,pickles-chutney,350.0,g,299.0,jiomart
271,jiomart_the_chakki_project_the_chakki_project_khapli_atta_5kg_ancient_emmer_wheat_flour_low_gluten_high_fibe,The Chakki Project Khapli Atta 5kg | Ancient Emmer Wheat Flour | Low Gluten | High Fiber | Low GI | Cold Pressed for Maximum Nutrition,The Chakki Project,essentials,flour,5.0,kg,1096.0,jiomart
272,jiomart_haldirams_nagpur_haldirams_nagpur_tasty_nuts_200_g,Haldiram's Nagpur Tasty Nuts 200 g,Haldiram’S Nagpur,snacks,chips-namkeen,200.0,g,49.0,jiomart
273,jiomart_go_kitchen_go_kitchen_mamra_giri_almonds_250gm_grade6a_quality_bold_size_bidam_rich_in_oil_more_nutr,"GO KITCHEN Mamra Giri Almonds - 250gm [ Grade-6A Quality & Bold Size Bidam ] Rich in Oil, More Nutritious, Mamra Badam",Go Kitchen,essentials,dry-fruits-nuts,250.0,g,445.0,jiomart
274,jiomart_kinsfolk_kinsfolk_groundnutpeanut_oil_cold_pressed_2_ltr,Kinsfolk Groundnut/Peanut Oil ( Cold Pressed ) - 2 Ltr,Kinsfolk,essentials,oil,2.0,L,606.0,jiomart
275,jiomart_saffola_saffola_total_pro_heart_rice_bran_oil_5_l,Saffola Total Pro Heart Rice Bran Oil 5 L,Saffola,essentials,oil,5.0,L,999.0,jiomart
276,jiomart_swad_swad_kesar_mango_pulp_with_no_added_sugar_850g,SWAD Kesar Mango Pulp with No Added Sugar 850g,Swad,ready_to_eat,ready-to-eat,850.0,g,224.0,jiomart
277,jiomart_teacurry_teacurry_french_vanilla_coffee_50_grams_helps_with_increases_energy_boosts_mood_and_energy_,"TEACURRY French Vanilla Coffee, 50 Grams - Helps with Increases Energy, Boosts Mood and Energy | Instant Coffee Powder",Teacurry,beverage,tea-cofee,50.0,g,149.0,jiomart
278,jiomart_dark_fantasy_sunfeast_dark_fantasy_choco_fills_cookie_69_g,Sunfeast Dark Fantasy Choco Fills Cookie 69 g,Dark Fantasy,snacks,biscuit,75.0,g,33.0,jiomart
279,jiomart_momsy_momsy_premium_potato_chips_aloo_chips_salty_wafers_aalu_chips_crunchy_and_crispy_250gm,Momsy Premium Potato Chips| Aloo Chips| Salty Wafers| Aalu Chips (Crunchy and Crispy) (250gm),Momsy,snacks,chips-namkeen,250.0,g,188.0,jiomart
280,jiomart_ashok_ashok_nutririch_cooklite_wheat_semolina_noodlesspaghetti_noodles1_kg_instant_noodles_vegetaria,"ASHOK NUTRIRICH Cooklite Wheat Semolina Noodles/Spaghetti Noodles,1 Kg Instant Noodles Vegetarian (1 Kg)",Ashok,noodles_pasta,noodles-pasta,1.0,kg,215.0,jiomart
281,jiomart_yogabar_yogabar_wholegrain_breakfast_muesli_dark_chocolate_cranberry_700g_pack_of_3_super_saver_pack,"Yogabar Wholegrain Breakfast Muesli - Dark Chocolate + Cranberry, 700g (Pack of 3) (Super Saver Pack) | Healthy Breakfast Cereals | Granola| Antioxidant Rich | Healthy Food for Breakfast |Protein Rich",Yogabar,snacks,breakfast,700.0,g,998.0,jiomart
282,jiomart_wheafree_wheafree_gluten_free_choco_dlite_100g_pack_of_6,Wheafree Gluten Free Choco D'Lite 100g (Pack of 6),Wheafree,snacks,biscuit,100.0,g,360.0,jiomart
283,jiomart_yogabar_yogabar_no_maida_choco_cereal_345g,Yogabar No Maida Choco Cereal 345g,Yogabar,snacks,breakfast,345.0,g,151.0,jiomart
284,jiomart_fivestar_fivestar_birista_crispy_fried_onion_5kg_rich_in_iron_heart_healthy_sunflower_oil_base_100_n,"FIVESTAR BIRISTA CRISPY FRIED ONION 5Kg, Rich in Iron, Heart Healthy, Sunflower Oil Base, 100% Natural, Baristaa | Crispy Onions with Sunflower Oil, Hygienically Processed,",Fivestar,ready_to_eat,ready-to-eat,5.0,kg,1549.0,jiomart
285,jiomart_good_life_good_life_jeera_500_g,Good Life Jeera 500 g,Good Life,essentials,masala,500.0,g,149.0,jiomart
286,jiomart_ferrero_rocher_ferrero_rocher_exquisite_hazelnut_and_milk_chocolate_gift_4_pieces_50_g_pack_of_2,"Ferrero Rocher, Exquisite Hazelnut and Milk Chocolate Gift, 4 pieces (50 g) Pack of 2",Ferrero Rocher,chocolate,chocolate,4.0,pcs,338.0,jiomart
287,jiomart_galaxy_galaxy_smooth_milk_chocolate_bar_56_g,Galaxy Smooth Milk Chocolate Bar 56 g,Galaxy,chocolate,chocolate,56.0,g,92.0,jiomart
288,jiomart_natible_natible_probiotic_orange_mini_cookies_150g_guthealthy_snack_rich_in_probiotics_vitamin_c_del,Natible Probiotic Orange Mini Cookies 150g | Gut-Healthy Snack | Rich in Probiotics & Vitamin C | Delicious & Nutritious,Natible,snacks,bakery,150.0,g,230.0,jiomart
289,jiomart_sams_sams_oyster_sauce_330g_barbeque_sauce_325g_gourmet_sauce_for_adding_taste_flavour_sauces_2_x_32,sams Oyster Sauce 330g & Barbeque Sauce 325g Gourmet Sauce for Adding Taste & Flavour Sauces (2 x 327.5 g),Sams,spread,sauce-ketchup-butter,,g,360.0,jiomart
290,jiomart_vgbnp_vgbnp_100_natural_original_finger_milletkezhvaragu_ragi_whole_grainragulu_pure_nachaniragi_see,"VGBNP 100% Natural & Original Finger Millet,Kezhvaragu (Ragi Whole grain/ragulu) Pure Nachani,Ragi Seeds (Mandua | Nagli | Mandia) Healty Grains Fibre Rich Ragi- 2kg",Vgbnp,essentials,wheat-soya,2.0,kg,399.0,jiomart
291,jiomart_lokraj_lokraj_premium_lokwan_wheat_atta_5kg_pack_of_2,LokRaj Premium Lokwan Wheat Atta 5kg (Pack of 2),Lokraj,essentials,flour,5.0,kg,811.0,jiomart
292,jiomart_chokhi_dhani_chokhi_dhani_foods_garlic_pickle_lehsun_ka_aachar_200_gm,Chokhi Dhani Foods Garlic Pickle Lehsun Ka Aachar 200 gm,Chokhi Dhani,flavourings,pickles-chutney,200.0,g,160.0,jiomart
293,jiomart_diljeet_spices_diljeet_spices_200gm_singhara_atta_water_chest_nut_flour,Diljeet Spices 200Gm Singhara Atta | Water Chest Nut Flour,Diljeet Spices,essentials,flour,200.0,g,135.0,jiomart
294,jiomart_indidoz_indidoz_dal_makhani_ready_to_eat_just_heat_and_eat_pure_veg_indian_food_ready_to_eat_meal_no,INDIDOZ Dal Makhani Ready To Eat | Just Heat And Eat | Pure Veg Indian Food | Ready To Eat Meal | No Added Preservative & Colours,Indidoz,ready_to_eat,ready-to-eat,,,130.0,jiomart
295,starquik_epigamia_epigamia_natural_85_gm,Epigamia Natural 85 Gm,Epigamia,dairy,general,85.0,g,60.0,starquik
296,jiomart_aplenty_aplenty_pudina_golipudeena_vatihajmola_candypachak_golimint_tablet_khatti_tasty_digestivegol,APLENTY Pudina Goli/Pudeena Vati/Hajmola Candy/Pachak Goli/Mint Tablet | Khatti Tasty DigestiveGoliya (200 g),Aplenty,chocolate,chocolate,200.0,g,188.0,jiomart
297,jiomart_steviocal_steviocal_stevia_sweetener_powder_100_sugar_free_natural_zero_calorie_for_weight_managemen,"Steviocal Stevia Sweetener Powder | 100% Sugar Free Natural | Zero Calorie for Weight Management, Diet, Diabetic Friendly | 1.0 kg Refill Pack - Pack of One (1 x 1000 gm)",Steviocal,essentials,salt-sugar,,g,1270.0,jiomart
298,jiomart_ritually_pure_ritually_pure_100_organic_himalayan_pink_salt_mineral_rich_salt_1_kg_each_pack_of_3_3_,Ritually Pure 100% Organic | Himalayan Pink Salt | Mineral Rich Salt | 1 Kg Each | Pack of 3 | 3 Kg,Ritually Pure,essentials,salt-sugar,1.0,kg,360.0,jiomart
299,jiomart_kwik_snack_kwik_snack_ks23oats_classic_100_natural_oats_pouch_400_g,kwik snack (KS23-Oats) Classic 100% Natural Oats Pouch (400 g),Kwik Snack,snacks,breakfast,400.0,g,197.0,jiomart
300,jiomart_good_life_good_life_whole_moong_500_g,Good Life Whole Moong 500 g,Good Life,essentials,pulses,500.0,g,75.0,jiomart
301,jiomart_oleev_oleev_active_blended_edible_vegetable_oil_1_l,Oleev Active Blended Edible Vegetable Oil 1 L,Oleev,essentials,oil,1.0,L,259.0,jiomart
302,jiomart_natraj_the_right_choice_natraj_the_right_choice_apple_murabba_500gm_pack_of_2_1kg_refreshing_and_tas,Natraj The Right Choice APPLE Murabba 500gm (Pack of 2) = 1kg | Refreshing and Tasty | Immunity Booster 100% Fresh with Homemade Taste | Used Natural Healthy Ingredients,Natraj The Right Choice,flavourings,pickles-chutney,500.0,g,430.0,jiomart
303,jiomart_parle_parle_happy_happy_chocochip_cookies_396_g,Parle Happy Happy Choco-Chip Cookies 396 g,Parle,snacks,biscuit,396.0,g,66.0,jiomart
304,jiomart_kinsfolk_kinsfolk_castor_oil_pure_cold_pressed_2_ltr,Kinsfolk Castor Oil ( Pure Cold Pressed) - 2 Ltr,Kinsfolk,essentials,oil,2.0,L,555.0,jiomart
305,jiomart_bb_organics_bb_organics_perfectly_aged_idly_and_dosa_rice_5_kg,B&B Organics Perfectly Aged Idly and Dosa Rice (5) kg,B&B Organics,essentials,rice,,,792.0,jiomart
306,jiomart_vanlion_vanlion_pure_natural_tea_powder_aromatic_tea_chai_patti_250_gram,VANLION Pure Natural Tea Powder Aromatic Tea Chai Patti 250 gram,Vanlion,beverage,tea-cofee,250.0,g,170.0,jiomart
307,jiomart_swad_swad_bhelpuri_chutney_200gpack_of_2,SWAD Bhelpuri Chutney 200g-Pack of 2,Swad,flavourings,pickles-chutney,200.0,g,99.0,jiomart
308,jiomart_pink_delight_pink_delight_rice_flour_chawal_ka_atta_500_gm_pack,Pink Delight | Rice Flour | Chawal Ka Atta | 500 Gm Pack,Pink Delight,essentials,flour,500.0,g,160.0,jiomart
309,jiomart_flavourickles_flavourickles_green_chilli_pickle_200_g_pack_of_01,FLAVOURICKLES green chilli pickle 200 g (PACK OF 01),Flavourickles,flavourings,pickles-chutney,200.0,g,299.0,jiomart
310,jiomart_postman_postman_kachi_ghani_mustard_oil_500ml_bottle_unrefined_cold_pressed,Postman Kachi Ghani Mustard Oil 500Ml Bottle - Unrefined & Cold Pressed,Postman,essentials,oil,500.0,ml,148.0,jiomart
311,jiomart_natures_bridge_natures_bridge_cornflour_powder_cornflour_corn_starch_for_cooking_baking_300_gm_jar,Nature's Bridge Cornflour Powder | Cornflour | Corn Starch for Cooking & Baking - 300 gm Jar,Nature'S Bridge,essentials,flour,300.0,g,169.0,jiomart
312,jiomart_independence_independence_kabuli_chana_500_g,Independence Kabuli Chana 500 g,Independence,essentials,pulses,500.0,g,95.0,jiomart
313,jiomart_dipi_doos_dipi_doos_chhese_jalapeno_dip_280gm,DIPI DOO'S CHHESE JALAPENO DIP 280GM,Dipi Doo'S,spread,sauce-ketchup-butter,280.0,g,132.0,jiomart
314,jiomart_tummyfriendly_foods_tummyfriendly_foods_millet_cookies_chocolate_pack_of_3_75g_each_healthy_ragi_bis,"TummyFriendly Foods Millet Cookies - Chocolate - Pack of 3 - 75g each. Healthy Ragi Biscuits, snacks for Baby, Kids & Adults",Tummyfriendly Foods,baby,baby,75.0,g,299.0,jiomart
315,jiomart_green_piece_green_piece_soya_sauce_500ml_pack_of_2,Green Piece Soya Sauce (500ml) (Pack of 2),Green Piece,spread,sauce-ketchup-butter,500.0,ml,269.0,jiomart
316,jiomart_choyo_choyo_chengu_veg_hakka_noodles_spice_in_every_strand_14,CHOYO Chengu Veg Hakka Noodles: Spice in Every Strand *14,Choyo,noodles_pasta,noodles-pasta,,,2400.0,jiomart
317,jiomart_veganic_veganic_navrattan_mixture_namkin_delicious_namkeen_with_peanut_tea_time_snacks_all_time_favo,Veganic Navrattan Mixture Namkin | Delicious Namkeen With Peanut | Tea Time Snacks | All time favourite Snack | Crsipy & Light Namkeen 200G,Veganic,snacks,chips-namkeen,200.0,g,179.0,jiomart
318,jiomart_shivas_shivas_masala_mix_bedmi_puri_flour_atta_bedai_poori_atta_400_g,SHIVA'S MASALA MIX BEDMI PURI FLOUR / ATTA | BEDAI POORI ATTA - 400 G,Shiva'S,essentials,flour,400.0,g,199.0,jiomart
319,jiomart_india_salaam_india_salaam_golden_sella_basmati_rice_5kg_for_everyday_use_cooked_grain_upto_20mm_glut,"INDIA SALAAM Golden Sella Basmati Rice 5Kg | For Everyday Use | Cooked Grain Upto 20mm | Gluten Free | Tasty, Non-Sticky, Rich Aroma | Best Rice for Pulao, Biryani & Party Dishes",India Salaam,essentials,rice,5.0,kg,860.0,jiomart
320,jiomart_vedarth_himalayan_pink_salt_mineral_salt_pink_rock_salt_for_healthy_cooking_himalayan_pink_salt_500_,Himalayan Pink Salt (Mineral Salt) Pink Rock Salt for Healthy Cooking Himalayan Pink Salt (500 g),Vedarth,essentials,salt-sugar,500.0,g,299.0,jiomart
321,jiomart_vitprofiber_vitprofiber_diabetic_care_atta_low_gi_multigrain_flour_with_almond_flax_seed_pack_of_1_1,"VitProFiber Diabetic Care Atta, Low GI Multigrain Flour with Almond, Flax Seed Pack of 1 (1 kg)",Vitprofiber,essentials,flour,1.0,kg,485.0,jiomart
322,jiomart_masala_potli_masala_potli_homemade_delicious_and_tangy_natural_taste_mango_chhundo_pickle_homemade_f,MASALA POTLI Homemade Delicious and Tangy Natural Taste Mango Chhundo Pickle | Homemade Fresh Sweet & Sour Aam Chhunda | Khatti Meethi Chutney | Shredded Chatni 250 Gram,Masala Potli,flavourings,pickles-chutney,250.0,g,215.0,jiomart
323,jiomart_goshudhfreedom_from_adulteration_goshudh_besan_500_g_pack,Goshudh Besan 500 g Pack,Goshudh-Freedom From Adulteration,essentials,flour,500.0,g,200.0,jiomart
324,jiomart_piyor_piyor_premium_whole_kaju_1kg_whole_crunchy_cashews_kaju_nuts,PIYOR Premium Whole Kaju - 1Kg | Whole Crunchy Cashews | Kaju Nuts,Piyor,essentials,dry-fruits-nuts,1.0,kg,858.0,jiomart
325,jiomart_swad_swad_green_chilli_pickle_200g,SWAD Green Chilli Pickle 200g,Swad,flavourings,pickles-chutney,200.0,g,133.0,jiomart
326,jiomart_gongloo_gongloo_homemade_garlic_pickle_ready_to_eat_lehsun_ka_achar_high_in_vitamin_c_fibre_hygienic,GONGLOO Homemade Garlic Pickle | Ready to Eat Lehsun ka Achar | High in Vitamin C & Fibre | Hygienically Packed | Rich in Antioxidants | Improves Digestion | 400 GM,Gongloo,flavourings,pickles-chutney,400.0,g,183.0,jiomart
327,jiomart_farmcraves_farmcraves_premium_combo_pack_of_raw_pumpkin_seeds_sunflower_seeds_100g_healthy_seed_comb,"FARMCRAVES Premium Combo Pack Of ,Raw Pumpkin Seeds ,Sunflower Seeds -100G , Healthy Seed Combo for Eating",Farmcraves,essentials,dry-fruits-nuts,100.0,g,196.0,jiomart
328,jiomart_gaocha_gaocha_best_quality_jai_shreeram_rice_new_20_kgs,GAOCHA Best Quality Jai Shreeram Rice (New) 20 Kgs,Gaocha,essentials,rice,20.0,kg,2099.0,jiomart
329,jiomart_slurrp_farm_slurrp_farm_no_added_sugar_instant_wheat_apple_banana_cereal_free_strawberry_cereal_tria,Slurrp Farm No Added Sugar Instant Wheat Apple & Banana Cereal | Free Strawberry Cereal Trial Pack | 300g + Free 50g,Slurrp Farm,baby,baby,300.0,g,349.0,jiomart
330,jiomart_innum_konjam_innum_konjam_iluppaipoo_samba_rice_1kg,Innum Konjam - Iluppaipoo Samba Rice 1KG,Innum Konjam,essentials,rice,1.0,kg,488.0,jiomart
331,jiomart_luvit_luvit_luscious_milk_delectable_chocolate_multipack_100_delicious_pack_of_10_36gm_each,LuvIt Luscious Milk Delectable Chocolate Multipack| 100% Delicious| Pack of 10 - 36gm Each,Luvit,chocolate,chocolate,36.0,g,410.0,jiomart
332,jiomart_trinetra_trinetra_maida_5_kg_pack,Trinetra Maida 5 kg Pack,Trinetra,essentials,flour,5.0,kg,565.0,jiomart
333,jiomart_organic_tattva_organic_tattva_white_sonamasuri_rice_5_kg,Organic Tattva White Sonamasuri Rice 5 kg,Organic Tattva,essentials,rice,5.0,kg,520.0,jiomart
334,jiomart_laxmi_laxmi_daily_feast_1_kg_green_chana_dry_chana_hara_chana,Laxmi Daily Feast 1 kg Green Chana | Dry Chana | Hara Chana,Laxmi,essentials,pulses,1.0,kg,399.0,jiomart
335,jiomart_momsy_momsy_premium_ajwain_cookies_950gm_healthy_crunchy_eggless_homemade_taste,Momsy Premium Ajwain Cookies (950gm) Healthy & Crunchy | Eggless | Homemade Taste,Momsy,snacks,biscuit,950.0,g,391.0,jiomart
336,jiomart_grain_cottage_grain_cottage_pure_ragi_flourfinger_millet_atta_1_kg,Grain cottage pure Ragi flour(Finger Millet atta) 1 kg,Grain Cottage,essentials,flour,1.0,kg,205.0,jiomart
337,jiomart_agri_club_agri_club_pearl_millet_1_kg,Agri Club Pearl Millet 1 kg,Agri Club,essentials,wheat-soya,1.0,kg,236.0,jiomart
338,jiomart_suhana_suhana_cuppa_dal_khichadi_ready_to_eat_instant_breakfast_pack_of_3,Suhana Cuppa Dal Khichadi Ready to Eat Instant Breakfast - Pack of 3,Suhana,ready_to_eat,ready-to-eat,3.0,pack,344.0,jiomart
339,jiomart_swad_swad_alphonso_mango_pulp_850g_pack_of_2,SWAD Alphonso Mango Pulp 850g- Pack of 2,Swad,ready_to_eat,ready-to-eat,850.0,g,549.0,jiomart
340,jiomart_kiyo_kiyo_tandoori_sauce_tangy_kismiss_meal_masti_sauce_red_chilly_sauce,Kiyo Tandoori sauce + Tangy kismiss+ Meal masti sauce+ Red chilly sauce,Kiyo,spread,sauce-ketchup-butter,,,249.0,jiomart
341,jiomart_catch_catch_amchur_powder_100_g,Catch Amchur Powder 100 g,Catch,essentials,masala,100.0,g,60.0,jiomart
342,jiomart_tarvik_tarvik_orange_candy_narangi_toffee_200_gm,Tarvik Orange Candy (Narangi Toffee) -200 Gm,Tarvik,chocolate,chocolate,200.0,g,189.0,jiomart
343,jiomart_btw_btw_lemon_bhel_400g_200g_x_2_tasty_indian_snack_namkeen_puffed_rice_murmura,BTW Lemon Bhel 400g (200g X 2) | Tasty Indian Snack Namkeen | Puffed Rice | Murmura,Btw,snacks,chips-namkeen,400.0,g,109.0,jiomart
344,jiomart_nutpure_nutpure_sprouted_sathu_maavu_mix_100_natural_multigrain_health_mix_250_gm,NutPure Sprouted Sathu Maavu Mix | 100% Natural Multigrain Health Mix | 250 gm,Nutpure,baby,baby,250.0,g,269.0,jiomart
345,jiomart_trinetra_trinetra_peanut_400gm_pack_of_1_moongfali_400_g_ground_nuts,Trinetra Peanut 400Gm (Pack Of 1) Moongfali (400 g) Ground Nuts,Trinetra,essentials,pulses,400.0,g,82.0,jiomart
346,jiomart_goshudh_goshudh_jowar_atta_1_kg_sorghum_flour,Goshudh Jowar Atta 1 kg Sorghum Flour,Goshudh,essentials,flour,1.0,kg,235.0,jiomart
347,jiomart_freshocartz_freshocartz_premium_durum_wheat_elbow_macaroni_400_g,FreshoCartz Premium Durum Wheat Elbow Macaroni 400 g,Freshocartz,noodles_pasta,noodles-pasta,400.0,g,199.0,jiomart
348,jiomart_snactac_snactac_moong_dal_150_g,Snactac Moong Dal 150 g,Snactac,snacks,chips-namkeen,150.0,g,33.0,jiomart
349,jiomart_sapphire_sapphire_butter_toffee_milk_225_g,"Sapphire Butter Toffee Milk, 225 g",Sapphire,beverage,juice-drink,225.0,g,399.0,jiomart
350,jiomart_jivo_jivo_olive_oil_extra_light_daily_cooking_5_litre_tin_recommendable_for_roasting_frying_baking_a,"Jivo Olive Oil Extra Light Daily Cooking 5 Litre (TIN) | Recommendable for Roasting, Frying, Baking All type of Cuisines| Low Saturated Fat, Low Saturated Fat",Jivo,essentials,oil,5.0,L,3059.0,jiomart
351,jiomart_surya_surya_1kg_black_pepper_whole_value_pack_kali_mirchi_whole_100_natural_best_whole_spices,Surya 1kg Black Pepper Whole Value Pack | Kali Mirchi Whole | 100% Natural | Best Whole Spices,Surya,essentials,masala,1.0,kg,899.0,jiomart
352,jiomart_organic_india_organic_india_apple_cider_vinegar_500ml,ORGANIC INDIA Apple Cider Vinegar 500ml,Organic India,flavourings,pickles-chutney,500.0,ml,446.0,jiomart
353,jiomart_galaxy_galaxy_chocolate_chunk_cookies_100_gm_imported_from_usa,"Galaxy Chocolate Chunk Cookies, 100 Gm - Imported from USA",Galaxy,snacks,biscuit,100.0,g,399.0,jiomart
354,jiomart_gaocha_gaocha_best_quality_jai_shreeram_rice_old_10_kgs,GAOCHA Best Quality Jai Shreeram Rice (Old) 10 Kgs,Gaocha,essentials,rice,10.0,kg,1111.0,jiomart
355,jiomart_sambhojanam_sambhojanam_dhaga_mishri_natural_threaded_rock_sugar_traditional_sweetener_for_home_puja,Sambhojanam Dhaga Mishri - Natural Threaded Rock Sugar | Traditional Sweetener for Home & Puja | 900 g,Sambhojanam,essentials,salt-sugar,900.0,g,269.0,jiomart
356,jiomart_postman_postman_refined_groundnut_oil_2l_refined_groundnut_oil_1l_mustard_oil_1l,Postman Refined Groundnut Oil 2L & Refined Groundnut Oil 1L & Mustard Oil 1L,Postman,essentials,oil,2.0,L,1080.0,jiomart
357,jiomart_cocojal_cocojal_natural_tender_coconut_water_200ml_pack_of_24_no_added_flavours_no_added_sugars_not_,Cocojal Natural Tender Coconut Water 200ml (Pack of 24)| No Added Flavours | No Added Sugars | Not From Concentrate,Cocojal,beverage,juice-drink,200.0,ml,1149.0,jiomart
358,jiomart_la_casa_la_casa_vegan_lava_cake_mix_belgian_chocolate_275_gm,La Casa Vegan Lava Cake Mix - Belgian Chocolate 275 Gm,La Casa,ready_to_eat,ready-to-eat,275.0,g,228.0,jiomart
359,jiomart_tok_tastes_of_kerala_tok_tastes_of_kerala_pure_himalayan_pink_salt_from_himalayas_natural_mineral_ri,T.O.K TASTES OF KERALA Pure Himalayan Pink Salt from Himalayas - Natural & Mineral Rich 500 gm,T.O.K Tastes Of Kerala,essentials,salt-sugar,,O,235.0,jiomart
360,jiomart_goshudh_goshudh_chakki_atta_10_kg_wheat_flour,Goshudh Chakki Atta 10 kg Wheat Flour,Goshudh,essentials,flour,10.0,kg,1055.0,jiomart
361,jiomart_classic_harvest_mishri_misri_dana_crystal_sweet_candy_crystal_sugar_whole_2_kg,Mishri / Misri Dana / Crystal Sweet Candy / Crystal Sugar Whole 2 Kg,Classic Harvest,essentials,salt-sugar,2.0,kg,399.0,jiomart
362,jiomart_choyo_choyo_chengu_veg_hakka_noodles_spice_in_every_strand_13,CHOYO Chengu Veg Hakka Noodles: Spice in Every Strand *13,Choyo,noodles_pasta,noodles-pasta,,,1800.0,jiomart
363,jiomart_savour_savour_roasted_vermicelli_400g_pack_of_6_400g_x_6,"SAVOUR ROASTED VERMICELLI 400G PACK OF 6, 400G X 6",Savour,noodles_pasta,noodles-pasta,400.0,g,384.0,jiomart
364,jiomart_tata_simply_better_tata_simply_better_sunflower_oil_1_l_x_2,TATA Simply Better Sunflower Oil 1 L x 2,Tata Simply Better,essentials,oil,1.0,L,1117.0,jiomart
365,jiomart_chokhi_dhani_chokhi_dhani_mango_pickle_500g_lime_pickle_500g_spicy_tasty_combo_pack_1_kg,"Chokhi Dhani Mango Pickle 500g, Lime Pickle 500g | Spicy & Tasty | Combo Pack 1 Kg",Chokhi Dhani,flavourings,pickles-chutney,500.0,g,299.0,jiomart
366,jiomart_tummyfriendly_foods_tummyfriendly_foods_premium_nuts_and_dates_powder_healthy_fat_with_natural_sweet,TummyFriendly Foods Premium Nuts and Dates Powder | Healthy Fat with Natural Sweetener - 200g Cereal (200 g),Tummyfriendly Foods,baby,baby,200.0,g,669.0,jiomart
367,jiomart_veganic_veganic_hard_wheat_roasted_vermicelli_kheer_upma_dalia_specialty_900gms,"Veganic Hard Wheat Roasted Vermicelli, kheer Upma Dalia Specialty 900gms",Veganic,noodles_pasta,noodles-pasta,900.0,g,196.0,jiomart
368,jiomart_pinkcity_pinkcity_wellness_pure_cold_pressed_sesame_oil_15_litres_1_ltr_x_15_bottles_wood_pressed,Pinkcity Wellness Pure Cold Pressed Sesame Oil 15 Litres| 1 Ltr x 15 Bottles | Wood Pressed,Pinkcity,essentials,oil,15.0,L,3499.0,jiomart
369,jiomart_disha_bakes_disha_bakes_fruit_n_nut_multigrain_biscuits_with_9_whole_grains_high_fibre_pure_butter_n,"Disha Bakes fruit n Nut Multigrain Biscuits with 9 Whole Grains, High Fibre, Pure Butter, No Preservatives",Disha Bakes,snacks,biscuit,9.0,Whole,250.0,jiomart
370,jiomart_snactac_snactac_masala_boondi_150_g,Snactac Masala Boondi 150 g,Snactac,snacks,chips-namkeen,150.0,g,33.0,jiomart
371,starquik_milky_mist_milky_mist_curd_cup_1_kg,Milky Mist Curd Cup 1 Kg,Milky Mist,dairy,general,1.0,kg,138.0,starquik
372,jiomart_good_life_good_life_unpolished_black_whole_masoor_1_kg,Good Life Unpolished Black Whole Masoor 1 kg,Good Life,essentials,pulses,1.0,kg,123.0,jiomart
373,jiomart_gustora_gustora_durum_wheat_semolina_fettucine_conchigile_pasta_combo_i_vegetarian_i_zero_cholestrol,Gustora Durum Wheat Semolina Fettucine & Conchigile Pasta Combo I Vegetarian I Zero Cholestrol I Rich in Fibre & Protein I Healthy Diet - (500g X 2),Gustora,noodles_pasta,noodles-pasta,500.0,g,239.0,jiomart
374,jiomart_muscleblaze_muscleblaze_fit_instant_oats_12_g_protein_100_rolled_oats_high_in_protein_fibre_no_added,"MuscleBlaze Fit Instant Oats, 12 g Protein, 100% Rolled Oats, High in Protein & Fibre, No Added Sugar, Breakfast Cereals, Diet Food, Healthy Snacks, Weight Management (Unflavoured, 1 kg Each) (Pack of 2)",Muscleblaze,snacks,breakfast,12.0,g,479.0,jiomart
375,jiomart_lets_try_lets_try_namkeen_variety_pack_168_g_pack_of_6,Let's Try Namkeen Variety Pack 168 g (Pack of 6),Let'S Try,snacks,chips-namkeen,168.0,g,80.0,jiomart
376,jiomart_green_piece_green_piece_jalapeno_sliced_230gm,Green Piece Jalapeno Sliced 230gm.,Green Piece,ready_to_eat,ready-to-eat,230.0,g,199.0,jiomart
377,jiomart_organonutri_organonutri_wholegrain_oats_flour_oats_atta_2kg,OrganoNutri Wholegrain Oats Flour (Oats Atta) (2kg),Organonutri,essentials,flour,2.0,kg,440.0,jiomart
378,jiomart_trimbakeshwar_bhog_trimbakeshwar_bhog_premium_rajma_red_kidney_beans_highfibre_cholesterolfree_500g,"TRIMBAKESHWAR BHOG Premium Rajma (Red Kidney Beans), High-Fibre, Cholesterol-Free, 500g.",Trimbakeshwar Bhog,essentials,pulses,500.0,g,199.0,jiomart
379,jiomart_kush_gold_kush_gold_maize_starch_cornflour_corn_starch_corn_flour_powder_for_cooking_and_baking_400g,Kush Gold Maize Starch Cornflour / Corn Starch / Corn Flour Powder for Cooking and Baking (400g),Kush Gold,essentials,flour,400.0,g,199.0,jiomart
380,jiomart_millet_mania_millet_mania_sorghum_millet_jowar_noodle_traditional_wheatbased_noodle_plantbased_diet_,Millet Mania Sorghum Millet Jowar Noodle | Traditional Wheat-Based Noodle | Plant-Based Diet (3),Millet Mania,noodles_pasta,noodles-pasta,,,489.0,jiomart
381,jiomart_pink_delight_pink_delight_daliy_sugar_chini_shakkarsugar_500_gm_pack,Pink Delight | Daliy Sugar | Chini | Shakkar|Sugar | 500 Gm Pack,Pink Delight,essentials,salt-sugar,500.0,g,149.0,jiomart
382,jiomart_wheatkart_wheatkart_besan_500_grm,Wheatkart Besan 500 Grm,Wheatkart,essentials,flour,500.0,g,60.0,jiomart
383,jiomart_coolberg_coolberg_non_alcoholic_beer_assorted_flavors_300ml_cans_pack_of_12_300ml_x_12_peach_cranber,Coolberg Non Alcoholic Beer Assorted Flavors 300ml CANs - Pack of 12 (300ml x 12) Peach & Cranberry,Coolberg,beverage,juice-drink,300.0,ml,1069.0,jiomart
384,jiomart_lila_dry_fruits_lila_dry_fruits_5_superseed_combo_chia_flax_pumpkin_sunflower_and_watermelon_50gms_e,"LILA DRY FRUITS 5 Superseed Combo (Chia, Flax, Pumpkin, Sunflower and Watermelon) 50gms each (250gms total)|Immunity combo for Weight Loss | Mix Seeds for Eating | Diet Snacks | Superfood",Lila Dry Fruits,essentials,dry-fruits-nuts,5.0,Superseed,299.0,jiomart
385,jiomart_bhagirathi_bhagirathi_malwani_wade_peeth_atta_500_g,Bhagirathi Malwani Wade Peeth / Atta 500 g,Bhagirathi,essentials,flour,500.0,g,81.0,jiomart
386,jiomart_goshudh_goshudh_rice_flour_500_g_pack,Goshudh Rice Flour 500 g Pack,Goshudh,essentials,flour,500.0,g,180.0,jiomart
387,jiomart_vedarth_pack_of_3_himalayan_pink_salt_mineral_salt_pink_rock_salt_for_healthy_cooking_himalayan_pink,"Pack of 3 Himalayan Pink Salt (Mineral Salt) Pink Rock Salt for Healthy Cooking Himalayan Pink Salt (1.5 kg, Pack of 3)",Vedarth,essentials,salt-sugar,3.0,Himalayan,699.0,jiomart
388,jiomart_goshudh_goshudh_pink_salt_5_kg_1kg_x_5_pack_sendha_namak,Goshudh Pink Salt 5 kg (1Kg X 5 Pack) Sendha Namak,Goshudh,essentials,salt-sugar,5.0,kg,474.0,jiomart
389,jiomart_goshudh_goshudh_bura_4000_g_1kg_x_4_pack_sugar_powder,Goshudh Bura 4000 g (1Kg X 4 Pack) Sugar Powder,Goshudh,essentials,salt-sugar,4000.0,g,419.0,jiomart
390,jiomart_bogatchi_bogatchi_chocolate_99_dark_cranberry_real_cocoa_intense_dark_chocolate_60_gm,"BOGATCHI Chocolate 99% Dark| Cranberry | Real Cocoa Intense Dark Chocolate, 60 gm",Bogatchi,chocolate,chocolate,60.0,g,399.0,jiomart
391,jiomart_octavius_octavius_kadak_assam_ctc_chai_5_kg_pack,Octavius KADAK Assam CTC Chai 5 Kg Pack,Octavius,beverage,tea-cofee,5.0,kg,1399.0,jiomart
392,jiomart_haldirams_nagpur_haldirams_nagpur_lite_chiwda_200_g,Haldiram's Nagpur Lite Chiwda 200 g,Haldiram’S Nagpur,snacks,chips-namkeen,200.0,g,40.0,jiomart
393,jiomart_myfitness_peanut_butter_myfitness_peanut_butter_natural_peanut_butter_smooth_510g,MyFitness Peanut Butter Natural Peanut Butter Smooth 510g,Myfitness Peanut Butter,spread,sauce-ketchup-butter,510.0,g,249.0,jiomart
394,jiomart_nutraj_nutraj_california_almonds_250g_pack_of_2,Nutraj California Almonds 250G (Pack Of 2),Nutraj,essentials,dry-fruits-nuts,250.0,g,458.0,jiomart
395,jiomart_goshudh_goshudh_peanuts_800_g_400g_x_2_pack_moongfali,Goshudh Peanuts 800 g (400g X 2 Pack) Moongfali,Goshudh,essentials,pulses,800.0,g,143.0,jiomart
396,jiomart_momsy_momsy_premium_assam_tea_single_origin_tea_strong_and_robust_blend_premium_chai_patti_450gm,Momsy Premium Assam Tea| Single Origin Tea| Strong and Robust Blend| Premium Chai Patti (450gm),Momsy,beverage,tea-cofee,450.0,g,261.0,jiomart
397,jiomart_freshocartz_freshocartz_cutting_mishri_800gm_400gm_each_pack_of_2_diamond_sugar_fresh_sugar_crystal_,"FreshoCartz Cutting Mishri 800gm (400gm each, Pack of 2 )| Diamond Sugar | Fresh Sugar Crystal | Misri Dana |Sugar Cubes | Mishri For Prasad - Jar Pack",Freshocartz,essentials,salt-sugar,800.0,g,289.0,jiomart
398,jiomart_yuvraj_yuvraj_patisa_soan_papdi_orange_sweets_box_pack_400_g,Yuvraj Patisa Soan Papdi ( orange) Sweets    Box Pack (400 g),Yuvraj,snacks,chips-namkeen,400.0,g,160.0,jiomart
399,jiomart_wagh_bakri_wagh_bakri_premium_leaf_tea_500_g,Wagh Bakri Premium Leaf Tea 500 g,Wagh Bakri,beverage,tea-cofee,500.0,g,288.0,jiomart
400,jiomart_red_cliff_red_cliff_blue_edible_neon_gel_color_combo_pack_of_2_for_icing_fondant_slime_baking_gel_fo,"RED CLIFF BLUE Edible Neon Gel Color - Combo Pack Of 2 | For Icing, Fondant, Slime & Baking | (Gel Food Color | 40 ml x 2 |)",Red Cliff,flavourings,pickles-chutney,40.0,ml,199.0,jiomart
