id,product_name,brand,category,category_url,ingredients,nutrition_json,serving_size,nutrition_per,image_paths,selected_image,nutrition_extracted,source,scraped_at,energy_kcal_100g,fat_100g,saturated_fat_100g,carbs_100g,sugars_100g,protein_100g,salt_100g,fiber_100g,sodium_100g
5449000054227,Original Taste,Coca-Cola,Carbonated Drinks,https://in.openfoodfacts.org/facets/categories/carbonated-drinks,"Water, fructose - glucose syrup, carbon dioxide, colorant: e150d, acid: phosphoric acid, natural flavorings (including caffeine).","{""carbohydrates"": 10.6, ""carbohydrates_100g"": 10.6, ""carbohydrates_serving"": 26.5, ""carbohydrates_unit"": ""g"", ""carbohydrates_value"": 10.6, ""energy"": 180, ""energy-kcal"": 42, ""energy-kcal_100g"": 42, ""energy-kcal_serving"": 105, ""energy-kcal_unit"": ""kcal"", ""energy-kcal_value"": 42, ""energy-kcal_value_computed"": 42.4, ""energy-kj"": 180, ""energy-kj_100g"": 180, ""energy-kj_serving"": 450, ""energy-kj_unit"": ""kJ"", ""energy-kj_value"": 180, ""energy-kj_value_computed"": 180.2, ""energy_100g"": 180, ""energy_serving"": 450, ""energy_unit"": ""kJ"", ""energy_value"": 180, ""fat"": 0, ""fat_100g"": 0, ""fat_serving"": 0, ""fat_unit"": ""g"", ""fat_value"": 0, ""fiber_modifier"": ""-"", ""fruits-vegetables-legumes-estimate-from-ingredients_100g"": 0, ""fruits-vegetables-legumes-estimate-from-ingredients_serving"": 0, ""fruits-vegetables-nuts-estimate-from-ingredients_100g"": 0, ""fruits-vegetables-nuts-estimate-from-ingredients_serving"": 0, ""nova-group"": 4, ""nova-group_100g"": 4, ""nova-group_serving"": 4, ""nutrition-score-fr"": 12, ""nutrition-score-fr_100g"": 12, ""proteins"": 0, ""proteins_100g"": 0, ""proteins_serving"": 0, ""proteins_unit"": ""g"", ""proteins_value"": 0, ""salt"": 0, ""salt_100g"": 0, ""salt_serving"": 0, ""salt_unit"": ""g"", ""salt_value"": 0, ""saturated-fat"": 0, ""saturated-fat_100g"": 0, ""saturated-fat_serving"": 0, ""saturated-fat_unit"": ""g"", ""saturated-fat_value"": 0, ""sodium"": 0, ""sodium_100g"": 0, ""sodium_serving"": 0, ""sodium_unit"": ""g"", ""sodium_value"": 0, ""sugars"": 10.6, ""sugars_100g"": 10.6, ""sugars_serving"": 26.5, ""sugars_unit"": ""g"", ""sugars_value"": 10.6}",250 ml,100g,images\carbonated-drinks\front_en.406.400.jpg,,,openfoodfacts,2025-07-22 09:21:14,42.0,0.0,0.0,10.6,10.6,0.0,0.0,,0.0
6111035003035,Oulmes natural carbonated water,Les eaux minérales d'Oulmès S.A.,Carbonated Drinks,https://in.openfoodfacts.org/facets/categories/carbonated-drinks,Natural carbonated water 100%,"{""bicarbonate"": 0.854, ""bicarbonate_100g"": 0.0854, ""bicarbonate_serving"": 0.854, ""bicarbonate_unit"": ""mg"", ""bicarbonate_value"": 854, ""calcium"": 0.108, ""calcium_100g"": 0.0108, ""calcium_serving"": 0.108, ""calcium_unit"": ""mg"", ""calcium_value"": 108, ""chloride"": 0.284, ""chloride_100g"": 0.0284, ""chloride_serving"": 0.284, ""chloride_unit"": ""mg"", ""chloride_value"": 284, ""fruits-vegetables-legumes-estimate-from-ingredients_100g"": 0, ""fruits-vegetables-legumes-estimate-from-ingredients_serving"": 0, ""fruits-vegetables-nuts-estimate-from-ingredients_100g"": 0, ""fruits-vegetables-nuts-estimate-from-ingredients_serving"": 0, ""magnesium"": 0.057, ""magnesium_100g"": 0.0057, ""magnesium_serving"": 0.057, ""magnesium_unit"": ""mg"", ""magnesium_value"": 57, ""nutrition-score-fr"": 0, ""nutrition-score-fr_100g"": 0, ""potassium"": 0.022, ""potassium_100g"": 0.0022, ""potassium_serving"": 0.022, ""potassium_unit"": ""mg"", ""potassium_value"": 22, ""salt"": 0.78375, ""salt_100g"": 0.0784, ""salt_serving"": 0.78375, ""salt_unit"": ""g"", ""salt_value"": 0.78375, ""sodium"": 0.3135, ""sodium_100g"": 0.0314, ""sodium_serving"": 0.3135, ""sodium_unit"": ""g"", ""sodium_value"": 0.3135}",1 L,serving,images\carbonated-drinks\front_en.61.400.jpg,,,openfoodfacts,2025-07-22 09:21:15,,,,,,,0.0784,,0.0314
5449000214911,BTE 33CL SLIM COCA COLA,Coca-Cola,Carbonated Drinks,https://in.openfoodfacts.org/facets/categories/carbonated-drinks,"Eau gazéifiée, sucre, colorant: E150d, acidifiant: acide phosphorique, arômes naturels, arôme caféine.","{""carbohydrates"": 10.6, ""carbohydrates_100g"": 10.6, ""carbohydrates_serving"": 35, ""carbohydrates_unit"": ""g"", ""carbohydrates_value"": 10.6, ""energy"": 180, ""energy-kcal"": 42, ""energy-kcal_100g"": 42, ""energy-kcal_serving"": 139, ""energy-kcal_unit"": ""kcal"", ""energy-kcal_value"": 42, ""energy-kcal_value_computed"": 42.4, ""energy-kj"": 180, ""energy-kj_100g"": 180, ""energy-kj_serving"": 594, ""energy-kj_unit"": ""kJ"", ""energy-kj_value"": 180, ""energy-kj_value_computed"": 180.2, ""energy_100g"": 180, ""energy_serving"": 594, ""energy_unit"": ""kJ"", ""energy_value"": 180, ""fat"": 0, ""fat_100g"": 0, ""fat_serving"": 0, ""fat_unit"": ""g"", ""fat_value"": 0, ""fruits-vegetables-legumes-estimate-from-ingredients_100g"": 0, ""fruits-vegetables-legumes-estimate-from-ingredients_serving"": 0, ""fruits-vegetables-nuts-estimate-from-ingredients_100g"": 0, ""fruits-vegetables-nuts-estimate-from-ingredients_serving"": 0, ""nova-group"": 4, ""nova-group_100g"": 4, ""nova-group_serving"": 4, ""nutrition-score-fr"": 12, ""nutrition-score-fr_100g"": 12, ""proteins"": 0, ""proteins_100g"": 0, ""proteins_serving"": 0, ""proteins_unit"": ""g"", ""proteins_value"": 0, ""salt"": 0, ""salt_100g"": 0, ""salt_serving"": 0, ""salt_unit"": ""g"", ""salt_value"": 0, ""saturated-fat"": 0, ""saturated-fat_100g"": 0, ""saturated-fat_serving"": 0, ""saturated-fat_unit"": ""g"", ""saturated-fat_value"": 0, ""sodium"": 0, ""sodium_100g"": 0, ""sodium_serving"": 0, ""sodium_unit"": ""g"", ""sodium_value"": 0, ""sugars"": 10.6, ""sugars_100g"": 10.6, ""sugars_serving"": 35, ""sugars_unit"": ""g"", ""sugars_value"": 10.6}",330ml,100g,images\carbonated-drinks\front_fr.267.400.jpg,,,openfoodfacts,2025-07-22 09:21:16,42.0,0.0,0.0,10.6,10.6,0.0,0.0,,0.0
6111035003004,Oulmes Eau Gazeuse,Oulmès,Carbonated Drinks,https://in.openfoodfacts.org/facets/categories/carbonated-drinks,oulmes eau gazeuse.                                      oulmes eau.                                                       oulmes.                                                                eau drink.,"{""carbohydrates"": 0, ""carbohydrates_100g"": 0, ""carbohydrates_unit"": ""g"", ""carbohydrates_value"": 0, ""energy"": 0, ""energy-kcal"": 0, ""energy-kcal_100g"": 0, ""energy-kcal_unit"": ""kcal"", ""energy-kcal_value"": 0, ""energy-kcal_value_computed"": 0, ""energy_100g"": 0, ""energy_unit"": ""kcal"", ""energy_value"": 0, ""fat"": 0, ""fat_100g"": 0, ""fat_unit"": ""g"", ""fat_value"": 0, ""fiber"": 0, ""fiber_100g"": 0, ""fiber_unit"": ""g"", ""fiber_value"": 0, ""fruits-vegetables-legumes-estimate-from-ingredients_100g"": 0, ""fruits-vegetables-legumes-estimate-from-ingredients_serving"": 0, ""fruits-vegetables-nuts-estimate-from-ingredients_100g"": 0, ""fruits-vegetables-nuts-estimate-from-ingredients_serving"": 0, ""nutrition-score-fr"": 1, ""nutrition-score-fr_100g"": 1, ""proteins"": 0, ""proteins_100g"": 0, ""proteins_unit"": ""g"", ""proteins_value"": 0, ""salt"": 0.31, ""salt_100g"": 0.31, ""salt_unit"": ""g"", ""salt_value"": 0.31, ""saturated-fat"": 0, ""saturated-fat_100g"": 0, ""saturated-fat_unit"": ""g"", ""saturated-fat_value"": 0, ""sodium"": 0.124, ""sodium_100g"": 0.124, ""sodium_unit"": ""g"", ""sodium_value"": 0.124, ""sugars"": 0, ""sugars_100g"": 0, ""sugars_unit"": ""g"", ""sugars_value"": 0}",,100g,images\carbonated-drinks\front_fr.12.400.jpg,,,openfoodfacts,2025-07-22 09:21:16,0.0,0.0,0.0,0.0,0.0,0.0,0.31,0.0,0.124
5449000214799,Coca-Cola Zero,Coca-Cola,Carbonated Drinks,https://in.openfoodfacts.org/facets/categories/carbonated-drinks,"carbonated water, colouring (e150d), acidifier (phosphoric acid), sweeteners (aspartame, acesulfame-k), natural flavors, caffeine aroma, acidity regulator (sodium citrates), contains a source of phenylalanin","{""carbohydrates"": 0, ""carbohydrates_100g"": 0, ""carbohydrates_serving"": 0, ""carbohydrates_unit"": ""g"", ""carbohydrates_value"": 0, ""energy"": 1, ""energy-kcal"": 0.2, ""energy-kcal_100g"": 0.2, ""energy-kcal_serving"": 0.66, ""energy-kcal_unit"": ""kcal"", ""energy-kcal_value"": 0.2, ""energy-kcal_value_computed"": 0, ""energy_100g"": 1, ""energy_serving"": 3.3, ""energy_unit"": ""kcal"", ""energy_value"": 0.2, ""fat"": 0, ""fat_100g"": 0, ""fat_serving"": 0, ""fat_unit"": ""g"", ""fat_value"": 0, ""fruits-vegetables-legumes-estimate-from-ingredients_100g"": 0, ""fruits-vegetables-legumes-estimate-from-ingredients_serving"": 0, ""fruits-vegetables-nuts-estimate-from-ingredients_100g"": 0, ""fruits-vegetables-nuts-estimate-from-ingredients_serving"": 0, ""nova-group"": 4, ""nova-group_100g"": 4, ""nova-group_serving"": 4, ""nutrition-score-fr"": 4, ""nutrition-score-fr_100g"": 4, ""proteins"": 0, ""proteins_100g"": 0, ""proteins_serving"": 0, ""proteins_unit"": ""g"", ""proteins_value"": 0, ""salt"": 0.066, ""salt_100g"": 0.066, ""salt_serving"": 0.218, ""salt_unit"": ""g"", ""salt_value"": 0.066, ""sodium"": 0.0264, ""sodium_100g"": 0.0264, ""sodium_serving"": 0.0871, ""sodium_unit"": ""g"", ""sodium_value"": 0.0264}",330ml,100g,images\carbonated-drinks\front_en.272.400.jpg,,,openfoodfacts,2025-07-22 09:21:17,0.2,0.0,,0.0,,0.0,0.066,,0.0264
5449000036872,Hawai Tropical,"Hawai,Coca cola",Carbonated Drinks,https://in.openfoodfacts.org/facets/categories/carbonated-drinks,"ماء غازي, سكر, مركز عصير البرتقال, محليات, مواد حافظة, مثبت, نكهات طبيعية","{""carbohydrates"": 10, ""carbohydrates_100g"": 10, ""carbohydrates_serving"": 25, ""carbohydrates_unit"": ""g"", ""carbohydrates_value"": 10, ""energy"": 172, ""energy-kcal"": 41, ""energy-kcal_100g"": 41, ""energy-kcal_serving"": 102, ""energy-kcal_unit"": ""kcal"", ""energy-kcal_value"": 41, ""energy-kcal_value_computed"": 48, ""energy_100g"": 172, ""energy_serving"": 430, ""energy_unit"": ""kcal"", ""energy_value"": 41, ""fat"": 0, ""fat_100g"": 0, ""fat_serving"": 0, ""fat_unit"": ""g"", ""fat_value"": 0, ""fiber"": 4, ""fiber_100g"": 4, ""fiber_serving"": 10, ""fiber_unit"": ""g"", ""fiber_value"": 4, ""fruits-vegetables-legumes-estimate-from-ingredients_100g"": 0, ""fruits-vegetables-legumes-estimate-from-ingredients_serving"": 0, ""fruits-vegetables-nuts-estimate-from-ingredients_100g"": 0, ""fruits-vegetables-nuts-estimate-from-ingredients_serving"": 0, ""nutrition-score-fr"": 10, ""nutrition-score-fr_100g"": 10, ""proteins"": 0, ""proteins_100g"": 0, ""proteins_serving"": 0, ""proteins_unit"": ""g"", ""proteins_value"": 0, ""salt"": 0.026, ""salt_100g"": 0.026, ""salt_serving"": 0.065, ""salt_unit"": ""g"", ""salt_value"": 0.026, ""saturated-fat"": 0, ""saturated-fat_100g"": 0, ""saturated-fat_serving"": 0, ""saturated-fat_unit"": ""g"", ""saturated-fat_value"": 0, ""sodium"": 0.0104, ""sodium_100g"": 0.0104, ""sodium_serving"": 0.026, ""sodium_unit"": ""g"", ""sodium_value"": 0.0104, ""sugars"": 9.5, ""sugars_100g"": 9.5, ""sugars_serving"": 23.8, ""sugars_unit"": ""g"", ""sugars_value"": 9.5}",250ml,100g,images\carbonated-drinks\front_en.44.400.jpg,,,openfoodfacts,2025-07-22 09:21:18,41.0,0.0,0.0,10.0,9.5,0.0,0.026,4.0,0.0104
,S. Pellegrino Water,"Nestlé,Nestlé Waters,San Pellegrino",Carbonated Drinks,https://in.openfoodfacts.org/facets/categories/carbonated-drinks,carbonated water 100%,"{""bicarbonate"": 0.252, ""bicarbonate_100g"": 0.252, ""bicarbonate_label"": ""Bicarbonate"", ""bicarbonate_prepared_unit"": ""mg"", ""bicarbonate_unit"": ""mg"", ""bicarbonate_value"": 252, ""calcium"": 0.164, ""calcium_100g"": 0.164, ""calcium_label"": ""Calcium"", ""calcium_prepared_unit"": ""mg"", ""calcium_unit"": ""mg"", ""calcium_value"": 164, ""carbohydrates"": 0, ""carbohydrates_100g"": 0, ""carbohydrates_unit"": ""g"", ""carbohydrates_value"": 0, ""chloride"": 0.0494, ""chloride_100g"": 0.0494, ""chloride_label"": ""Chlorure"", ""chloride_prepared_unit"": ""mg"", ""chloride_unit"": ""mg"", ""chloride_value"": 49.4, ""en-strontium_prepared_unit"": ""g"", ""en-sulfate_prepared_unit"": ""g"", ""energy"": 0.0001, ""energy-kcal"": 0, ""energy-kcal_100g"": 0, ""energy-kcal_unit"": ""kcal"", ""energy-kcal_value"": 0, ""energy-kcal_value_computed"": 0, ""energy-kj"": 0.0001, ""energy-kj_100g"": 0.0001, ""energy-kj_unit"": ""kJ"", ""energy-kj_value"": 0.0001, ""energy-kj_value_computed"": 0, ""energy_100g"": 0.0001, ""energy_unit"": ""kJ"", ""energy_value"": 0.0001, ""fat"": 0, ""fat_100g"": 0, ""fat_unit"": ""g"", ""fat_value"": 0, ""fluoride"": 0.0005, ""fluoride_100g"": 0.0005, ""fluoride_label"": ""Fluorure"", ""fluoride_prepared_unit"": ""mg"", ""fluoride_unit"": ""mg"", ""fluoride_value"": 0.5, ""fr-strontium_prepared"": 0.0029, ""fr-strontium_prepared_serving"": 0.0029, ""fr-strontium_prepared_unit"": ""g"", ""fr-strontium_prepared_value"": 0.0029, ""fr-sulfate_prepared"": 0.401, ""fr-sulfate_prepared_serving"": 0.401, ""fr-sulfate_prepared_unit"": ""g"", ""fr-sulfate_prepared_value"": 0.401, ""fruits-vegetables-legumes-estimate-from-ingredients_100g"": 0, ""fruits-vegetables-legumes-estimate-from-ingredients_serving"": 0, ""fruits-vegetables-nuts-estimate-from-ingredients_100g"": 0, ""fruits-vegetables-nuts-estimate-from-ingredients_serving"": 0, ""magnesium"": 0.0495, ""magnesium_100g"": 0.0495, ""magnesium_label"": ""Magnésium"", ""magnesium_prepared_unit"": ""mg"", ""magnesium_unit"": ""mg"", ""magnesium_value"": 49.5, ""nitrate_prepared_unit"": ""mg"", ""nova-group"": 1, ""nova-group_100g"": 1, ""nova-group_serving"": 1, ""nutrition-score-fr"": 0, ""nutrition-score-fr_100g"": 0, ""ph_prepared_unit"": ""g"", ""potassium"": 0.0022, ""potassium_100g"": 0.0022, ""potassium_label"": ""Potassium"", ""potassium_prepared_unit"": ""mg"", ""potassium_unit"": ""mg"", ""potassium_value"": 2.2, ""proteins"": 0, ""proteins_100g"": 0, ""proteins_unit"": ""g"", ""proteins_value"": 0, ""salt"": 0, ""salt_100g"": 0, ""salt_unit"": ""g"", ""salt_value"": 0, ""saturated-fat"": 0, ""saturated-fat_100g"": 0, ""saturated-fat_unit"": ""g"", ""saturated-fat_value"": 0, ""sodium"": 0, ""sodium_100g"": 0, ""sodium_unit"": ""g"", ""sodium_value"": 0, ""sugars"": 0, ""sugars_100g"": 0, ""sugars_unit"": ""g"", ""sugars_value"": 0, ""sulphate"": 0.418, ""sulphate_100g"": 0.418, ""sulphate_label"": ""sulfates"", ""sulphate_unit"": ""mg"", ""sulphate_value"": 418}",,100g,images\carbonated-drinks\front_en.304.400.jpg,,,openfoodfacts,2025-07-22 09:21:19,0.0,0.0,0.0,0.0,0.0,0.0,0.0,,0.0
3068320123264,La salvetat,"Danone,La Salvetat",Carbonated Drinks,https://in.openfoodfacts.org/facets/categories/carbonated-drinks,"EAU MINÉRALE NATURELLE, GAZ CARBONIQUE","{""bicarbonate"": 0.53, ""bicarbonate_100g"": 0.053, ""bicarbonate_label"": ""Bicarbonate"", ""bicarbonate_serving"": 0.53, ""bicarbonate_unit"": ""mg"", ""bicarbonate_value"": 530, ""calcium"": 0.16, ""calcium_100g"": 0.016, ""calcium_label"": ""Calcium"", ""calcium_serving"": 0.16, ""calcium_unit"": ""mg"", ""calcium_value"": 160, ""carbohydrates"": 0, ""carbohydrates_100g"": 0, ""carbohydrates_serving"": 0, ""carbohydrates_unit"": ""g"", ""carbohydrates_value"": 0, ""chloride"": 0.005, ""chloride_100g"": 0.0005, ""chloride_label"": ""Chlorure"", ""chloride_serving"": 0.005, ""chloride_unit"": ""mg"", ""chloride_value"": 5, ""energy"": 0, ""energy-kcal"": 0, ""energy-kcal_100g"": 0, ""energy-kcal_serving"": 0, ""energy-kcal_unit"": ""kcal"", ""energy-kcal_value"": 0, ""energy-kcal_value_computed"": 0, ""energy_100g"": 0, ""energy_serving"": 0, ""energy_unit"": ""kcal"", ""energy_value"": 0, ""fat"": 0, ""fat_100g"": 0, ""fat_serving"": 0, ""fat_unit"": ""g"", ""fat_value"": 0, ""fiber"": 0, ""fiber_100g"": 0, ""fiber_serving"": 0, ""fiber_unit"": ""g"", ""fiber_value"": 0, ""fruits-vegetables-legumes-estimate-from-ingredients_100g"": 0, ""fruits-vegetables-legumes-estimate-from-ingredients_serving"": 0, ""fruits-vegetables-nuts-estimate-from-ingredients_100g"": 0, ""fruits-vegetables-nuts-estimate-from-ingredients_serving"": 0, ""magnesium"": 0.0075, ""magnesium_100g"": 0.00075, ""magnesium_label"": ""Magnésium"", ""magnesium_serving"": 0.0075, ""magnesium_unit"": ""mg"", ""magnesium_value"": 7.5, ""nova-group"": 4, ""nova-group_100g"": 4, ""nova-group_serving"": 4, ""nutrition-score-fr"": 0, ""nutrition-score-fr_100g"": 0, ""ph"": 6, ""ph_100g"": 6, ""ph_label"": ""PH"", ""ph_serving"": 6, ""ph_unit"": ""g"", ""ph_value"": 6, ""potassium"": 0.002, ""potassium_100g"": 0.0002, ""potassium_label"": ""Potassium"", ""potassium_serving"": 0.002, ""potassium_unit"": ""mg"", ""potassium_value"": 2, ""proteins"": 0, ""proteins_100g"": 0, ""proteins_serving"": 0, ""proteins_unit"": ""g"", ""proteins_value"": 0, ""salt"": 0.0125, ""salt_100g"": 0.00125, ""salt_serving"": 0.0125, ""salt_unit"": ""mg"", ""salt_value"": 12.5, ""saturated-fat"": 0, ""saturated-fat_100g"": 0, ""saturated-fat_serving"": 0, ""saturated-fat_unit"": ""g"", ""saturated-fat_value"": 0, ""silica"": 0.055, ""silica_100g"": 0.0055, ""silica_label"": ""Silice"", ""silica_serving"": 0.055, ""silica_unit"": ""mg"", ""silica_value"": 55, ""sodium"": 0.005, ""sodium_100g"": 0.0005, ""sodium_serving"": 0.005, ""sodium_unit"": ""mg"", ""sodium_value"": 5, ""sugars"": 0, ""sugars_100g"": 0, ""sugars_serving"": 0, ""sugars_unit"": ""g"", ""sugars_value"": 0, ""sulphate"": 0.02, ""sulphate_100g"": 0.002, ""sulphate_label"": ""Sulfate"", ""sulphate_serving"": 0.02, ""sulphate_unit"": ""mg"", ""sulphate_value"": 20}",1 L,serving,images\carbonated-drinks\front_fr.100.400.jpg,,,openfoodfacts,2025-07-22 09:21:20,0.0,0.0,0.0,0.0,0.0,0.0,0.00125,0.0,0.0005
5449000131805,Coca-Cola zero azúcar,Coca-Cola,Carbonated Drinks,https://in.openfoodfacts.org/facets/categories/carbonated-drinks,"carbonated water, colour (caramel e150d), acid (phosphoric acid), sweeteners (aspartame, acesulfame k), natural flavourings (including caffeine), acidity regulator (sodium citrates) contains a source of phenylalanine,","{""caffeine"": 0.0095, ""caffeine_100g"": 0.0095, ""caffeine_serving"": 0.0313, ""caffeine_unit"": ""g"", ""caffeine_value"": 0.0095, ""carbohydrates"": 0, ""carbohydrates_100g"": 0, ""carbohydrates_serving"": 0, ""carbohydrates_unit"": ""g"", ""carbohydrates_value"": 0, ""energy"": 0.9, ""energy-kcal"": 0.2, ""energy-kcal_100g"": 0.2, ""energy-kcal_serving"": 0.66, ""energy-kcal_unit"": ""kcal"", ""energy-kcal_value"": 0.2, ""energy-kcal_value_computed"": 0, ""energy-kj"": 0.9, ""energy-kj_100g"": 0.9, ""energy-kj_serving"": 2.97, ""energy-kj_unit"": ""kJ"", ""energy-kj_value"": 0.9, ""energy-kj_value_computed"": 0, ""energy_100g"": 0.9, ""energy_serving"": 2.97, ""energy_unit"": ""kJ"", ""energy_value"": 0.9, ""fat"": 0, ""fat_100g"": 0, ""fat_serving"": 0, ""fat_unit"": ""g"", ""fat_value"": 0, ""fiber"": 0, ""fiber_100g"": 0, ""fiber_serving"": 0, ""fiber_unit"": ""g"", ""fiber_value"": 0, ""fruits-vegetables-legumes-estimate-from-ingredients_100g"": 0, ""fruits-vegetables-legumes-estimate-from-ingredients_serving"": 0, ""fruits-vegetables-nuts-estimate-from-ingredients_100g"": 0, ""fruits-vegetables-nuts-estimate-from-ingredients_serving"": 0, ""nova-group"": 4, ""nova-group_100g"": 4, ""nova-group_serving"": 4, ""nutrition-score-fr"": 4, ""nutrition-score-fr_100g"": 4, ""proteins"": 0, ""proteins_100g"": 0, ""proteins_serving"": 0, ""proteins_unit"": ""g"", ""proteins_value"": 0, ""salt"": 0.02, ""salt_100g"": 0.02, ""salt_serving"": 0.066, ""salt_unit"": ""g"", ""salt_value"": 0.02, ""saturated-fat"": 0, ""saturated-fat_100g"": 0, ""saturated-fat_serving"": 0, ""saturated-fat_unit"": ""g"", ""saturated-fat_value"": 0, ""sodium"": 0.008, ""sodium_100g"": 0.008, ""sodium_serving"": 0.0264, ""sodium_unit"": ""g"", ""sodium_value"": 0.008, ""sugars"": 0, ""sugars_100g"": 0, ""sugars_serving"": 0, ""sugars_unit"": ""g"", ""sugars_value"": 0}",1 can (330 ml),100g,images\carbonated-drinks\front_en.687.400.jpg,,,openfoodfacts,2025-07-22 09:21:21,0.2,0.0,0.0,0.0,0.0,0.0,0.02,0.0,0.008
54491472,coca cola 500ml,Coca-Cola,Carbonated Drinks,https://in.openfoodfacts.org/facets/categories/carbonated-drinks,"water, fructose-glucose syrup, carbon dioxide, colorant: e150d, acid: phosphoric acid, natural flavors, caffeine flavoring,","{""alcohol"": 0, ""alcohol_100g"": 0, ""alcohol_serving"": 0, ""alcohol_unit"": ""% vol"", ""alcohol_value"": 0, ""caffeine"": 0.05, ""caffeine_100g"": 0.05, ""caffeine_serving"": 0.25, ""caffeine_unit"": ""g"", ""caffeine_value"": 0.05, ""carbohydrates"": 10.6, ""carbohydrates_100g"": 10.6, ""carbohydrates_serving"": 53, ""carbohydrates_unit"": ""g"", ""carbohydrates_value"": 10.6, ""energy"": 180, ""energy-kcal"": 42, ""energy-kcal_100g"": 42, ""energy-kcal_serving"": 210, ""energy-kcal_unit"": ""kcal"", ""energy-kcal_value"": 42, ""energy-kcal_value_computed"": 42.4, ""energy-kj"": 180, ""energy-kj_100g"": 180, ""energy-kj_serving"": 900, ""energy-kj_unit"": ""kJ"", ""energy-kj_value"": 180, ""energy-kj_value_computed"": 180.2, ""energy_100g"": 180, ""energy_serving"": 900, ""energy_unit"": ""kJ"", ""energy_value"": 180, ""fat"": 0, ""fat_100g"": 0, ""fat_serving"": 0, ""fat_unit"": ""g"", ""fat_value"": 0, ""fruits-vegetables-legumes-estimate-from-ingredients_100g"": 0, ""fruits-vegetables-legumes-estimate-from-ingredients_serving"": 0, ""fruits-vegetables-nuts-estimate-from-ingredients_100g"": 0, ""fruits-vegetables-nuts-estimate-from-ingredients_serving"": 0, ""nova-group"": 4, ""nova-group_100g"": 4, ""nova-group_serving"": 4, ""nutrition-score-fr"": 12, ""nutrition-score-fr_100g"": 12, ""proteins"": 0, ""proteins_100g"": 0, ""proteins_serving"": 0, ""proteins_unit"": ""g"", ""proteins_value"": 0, ""salt"": 0, ""salt_100g"": 0, ""salt_serving"": 0, ""salt_unit"": ""g"", ""salt_value"": 0, ""saturated-fat"": 0, ""saturated-fat_100g"": 0, ""saturated-fat_serving"": 0, ""saturated-fat_unit"": ""g"", ""saturated-fat_value"": 0, ""sodium"": 0, ""sodium_100g"": 0, ""sodium_serving"": 0, ""sodium_unit"": ""g"", ""sodium_value"": 0, ""sugars"": 10.6, ""sugars_100g"": 10.6, ""sugars_serving"": 53, ""sugars_unit"": ""g"", ""sugars_value"": 10.6}",500 ml,100g,images\carbonated-drinks\front_en.551.400.jpg,,,openfoodfacts,2025-07-22 09:21:22,42.0,0.0,0.0,10.6,10.6,0.0,0.0,,0.0
6111099000599,Huile de table lio,,Vegetable Oils,https://in.openfoodfacts.org/facets/categories/vegetable-oils,,"{""carbohydrates"": 0, ""carbohydrates_100g"": 0, ""carbohydrates_serving"": 0, ""carbohydrates_unit"": ""g"", ""carbohydrates_value"": 0, ""energy"": 3768, ""energy-kcal"": 900, ""energy-kcal_100g"": 900, ""energy-kcal_serving"": 9000, ""energy-kcal_unit"": ""kcal"", ""energy-kcal_value"": 900, ""energy-kcal_value_computed"": 900, ""energy-kj"": 3768, ""energy-kj_100g"": 3768, ""energy-kj_serving"": 37700, ""energy-kj_unit"": ""kJ"", ""energy-kj_value"": 3768, ""energy-kj_value_computed"": 3700, ""energy_100g"": 3768, ""energy_serving"": 37700, ""energy_unit"": ""kJ"", ""energy_value"": 3768, ""fat"": 100, ""fat_100g"": 100, ""fat_serving"": 1000, ""fat_unit"": ""g"", ""fat_value"": 100, ""fiber"": 0, ""fiber_100g"": 0, ""fiber_serving"": 0, ""fiber_unit"": ""g"", ""fiber_value"": 0, ""nova-group"": 2, ""nova-group_100g"": 2, ""nova-group_serving"": 2, ""proteins"": 0, ""proteins_100g"": 0, ""proteins_serving"": 0, ""proteins_unit"": ""g"", ""proteins_value"": 0, ""saturated-fat"": 14, ""saturated-fat_100g"": 14, ""saturated-fat_serving"": 140, ""saturated-fat_unit"": ""g"", ""saturated-fat_value"": 14, ""sugars"": 0, ""sugars_100g"": 0, ""sugars_serving"": 0, ""sugars_unit"": ""g"", ""sugars_value"": 0}",1L,100g,images\vegetable-oils\front_ar.12.400.jpg,,,openfoodfacts,2025-07-22 09:21:25,900.0,100.0,14.0,0.0,0.0,0.0,,0.0,
6111024001516,"Huile de table équilibrée riche en vitamines A,E,D3",Lesieur,Vegetable Oils,https://in.openfoodfacts.org/facets/categories/vegetable-oils,"Huiles végétales (Soja. Tournesol. Colza) en proportions variables, arôme naturel. Vitamine A, Vitamine D3. Provitamine A. CONSEILS D'UTILISATION نصـائح الاستعمال - درجة الحرارة القصوى للاستعمال 180درجة تجنبوا إضافة الزيت على الزيت المستعملة. .لا تتركوا الزيت حتى تندخر .أغلقوا القنينة بعد كل استعمال - Température maximale d'utilisation 180°C. Eviter les ajouts d'huile dans un bain usé. Ne pas laisser fumer l'huile. Reboucher la bouteille après chaque usage مصلحة المستهلكين Service consommateurs: ۱۷-","{""carbohydrates"": 0, ""carbohydrates_100g"": 0, ""carbohydrates_unit"": ""g"", ""carbohydrates_value"": 0, ""energy"": 3766, ""energy-kcal"": 900, ""energy-kcal_100g"": 900, ""energy-kcal_unit"": ""kcal"", ""energy-kcal_value"": 900, ""energy-kcal_value_computed"": 900, ""energy_100g"": 3766, ""energy_unit"": ""kcal"", ""energy_value"": 900, ""fat"": 100, ""fat_100g"": 100, ""fat_unit"": ""g"", ""fat_value"": 100, ""fruits-vegetables-legumes-estimate-from-ingredients_100g"": 0, ""fruits-vegetables-legumes-estimate-from-ingredients_serving"": 0, ""fruits-vegetables-nuts-estimate-from-ingredients_100g"": 14.375, ""fruits-vegetables-nuts-estimate-from-ingredients_serving"": 14.375, ""nova-group"": 4, ""nova-group_100g"": 4, ""nova-group_serving"": 4, ""nutrition-score-fr"": 5, ""nutrition-score-fr_100g"": 5, ""proteins"": 0, ""proteins_100g"": 0, ""proteins_unit"": ""g"", ""proteins_value"": 0, ""salt"": 0, ""salt_100g"": 0, ""salt_unit"": ""g"", ""salt_value"": 0, ""saturated-fat"": 15, ""saturated-fat_100g"": 15, ""saturated-fat_unit"": ""g"", ""saturated-fat_value"": 15, ""sodium"": 0, ""sodium_100g"": 0, ""sodium_unit"": ""g"", ""sodium_value"": 0, ""sugars"": 0, ""sugars_100g"": 0, ""sugars_unit"": ""g"", ""sugars_value"": 0}",,100g,images\vegetable-oils\front_fr.25.400.jpg,,,openfoodfacts,2025-07-22 09:21:26,900.0,100.0,15.0,0.0,0.0,0.0,0.0,,0.0
6111099000247,Hule D'olive,زيت الزيتون واد سوس,Vegetable Oils,https://in.openfoodfacts.org/facets/categories/vegetable-oils,Huiled'olive vierge,"{""alcohol"": 88, ""alcohol_100g"": 88, ""alcohol_serving"": 88, ""alcohol_unit"": ""% vol"", ""alcohol_value"": 88, ""alpha-linolenic-acid"": 55, ""alpha-linolenic-acid_100g"": 55, ""alpha-linolenic-acid_serving"": 495, ""alpha-linolenic-acid_unit"": ""g"", ""alpha-linolenic-acid_value"": 55, ""carbohydrates"": 0, ""carbohydrates_100g"": 0, ""carbohydrates_serving"": 0, ""carbohydrates_unit"": ""g"", ""carbohydrates_value"": 0, ""energy"": 4, ""energy-kcal"": 822, ""energy-kcal_100g"": 822, ""energy-kcal_serving"": 7400, ""energy-kcal_unit"": ""kcal"", ""energy-kcal_value"": 822, ""energy-kcal_value_computed"": 1558, ""energy-kj"": 4, ""energy-kj_100g"": 4, ""energy-kj_serving"": 36, ""energy-kj_unit"": ""kJ"", ""energy-kj_value"": 4, ""energy-kj_value_computed"": 6410, ""energy_100g"": 4, ""energy_serving"": 36, ""energy_unit"": ""kJ"", ""energy_value"": 4, ""fat"": 90, ""fat_100g"": 90, ""fat_serving"": 810, ""fat_unit"": ""g"", ""fat_value"": 90, ""fiber"": 66, ""fiber_100g"": 66, ""fiber_serving"": 594, ""fiber_unit"": ""g"", ""fiber_value"": 66, ""fruits-vegetables-legumes-estimate-from-ingredients_100g"": 0, ""fruits-vegetables-legumes-estimate-from-ingredients_serving"": 0, ""fruits-vegetables-nuts-estimate-from-ingredients_100g"": 0, ""fruits-vegetables-nuts-estimate-from-ingredients_serving"": 0, ""nutrition-score-fr"": -5, ""nutrition-score-fr_100g"": -5, ""proteins"": 0, ""proteins_100g"": 0, ""proteins_serving"": 0, ""proteins_unit"": ""g"", ""proteins_value"": 0, ""salt"": 0, ""salt_100g"": 0, ""salt_serving"": 0, ""salt_unit"": ""g"", ""salt_value"": 0, ""saturated-fat"": 13, ""saturated-fat_100g"": 13, ""saturated-fat_serving"": 117, ""saturated-fat_unit"": ""g"", ""saturated-fat_value"": 13, ""sodium"": 0, ""sodium_100g"": 0, ""sodium_serving"": 0, ""sodium_unit"": ""g"", ""sodium_value"": 0, ""sugars"": 0, ""sugars_100g"": 0, ""sugars_serving"": 0, ""sugars_unit"": ""g"", ""sugars_value"": 0}",900g,100g,images\vegetable-oils\front_fr.4.400.jpg,,,openfoodfacts,2025-07-22 09:21:27,822.0,90.0,13.0,0.0,0.0,0.0,0.0,66.0,0.0
4056489141877,Huile d'olive vierge extra,"Lidl,Primadona",Vegetable Oils,https://in.openfoodfacts.org/facets/categories/vegetable-oils,Huile d'olive vierge extra d'Espagne.,"{""alcohol"": 0, ""alcohol_100g"": 0, ""alcohol_serving"": 0, ""alcohol_unit"": ""% vol"", ""alcohol_value"": 0, ""carbohydrates"": 0, ""carbohydrates_100g"": 0, ""carbohydrates_serving"": 0, ""carbohydrates_unit"": ""g"", ""carbohydrates_value"": 0, ""energy"": 3404, ""energy-kcal"": 828, ""energy-kcal_100g"": 828, ""energy-kcal_serving"": 82.8, ""energy-kcal_unit"": ""kcal"", ""energy-kcal_value"": 828, ""energy-kcal_value_computed"": 828, ""energy-kj"": 3404, ""energy-kj_100g"": 3404, ""energy-kj_serving"": 340, ""energy-kj_unit"": ""kJ"", ""energy-kj_value"": 3404, ""energy-kj_value_computed"": 3404, ""energy_100g"": 3404, ""energy_serving"": 340, ""energy_unit"": ""kJ"", ""energy_value"": 3404, ""fat"": 92, ""fat_100g"": 92, ""fat_serving"": 9.2, ""fat_unit"": ""g"", ""fat_value"": 92, ""fiber"": 0, ""fiber_100g"": 0, ""fiber_serving"": 0, ""fiber_unit"": ""g"", ""fiber_value"": 0, ""fruits-vegetables-legumes-estimate-from-ingredients_100g"": 0, ""fruits-vegetables-legumes-estimate-from-ingredients_serving"": 0, ""fruits-vegetables-nuts-estimate-from-ingredients_100g"": 100, ""fruits-vegetables-nuts-estimate-from-ingredients_serving"": 100, ""nova-group"": 2, ""nova-group_100g"": 2, ""nova-group_serving"": 2, ""nutrition-score-fr"": 0, ""nutrition-score-fr_100g"": 0, ""proteins"": 0, ""proteins_100g"": 0, ""proteins_serving"": 0, ""proteins_unit"": ""g"", ""proteins_value"": 0, ""salt"": 0, ""salt_100g"": 0, ""salt_serving"": 0, ""salt_unit"": ""g"", ""salt_value"": 0, ""saturated-fat"": 14, ""saturated-fat_100g"": 14, ""saturated-fat_serving"": 1.4, ""saturated-fat_unit"": ""g"", ""saturated-fat_value"": 14, ""sodium"": 0, ""sodium_100g"": 0, ""sodium_serving"": 0, ""sodium_unit"": ""g"", ""sodium_value"": 0, ""sugars"": 0, ""sugars_100g"": 0, ""sugars_serving"": 0, ""sugars_unit"": ""g"", ""sugars_value"": 0}",10 g,100g,images\vegetable-oils\front_en.93.400.jpg,,,openfoodfacts,2025-07-22 09:21:28,828.0,92.0,14.0,0.0,0.0,0.0,0.0,0.0,0.0
6111024002186,Houilor,Huilor,Vegetable Oils,https://in.openfoodfacts.org/facets/categories/vegetable-oils,"*** AJR : apport journalier recommandé, d0méga 6 que notre organisme ne peut fabriquer, 100g","{""alcohol"": 24, ""alcohol_100g"": 24, ""alcohol_serving"": 24, ""alcohol_unit"": ""% vol"", ""alcohol_value"": 24, ""carbohydrates"": 0, ""carbohydrates_100g"": 0, ""carbohydrates_serving"": 0, ""carbohydrates_unit"": ""g"", ""carbohydrates_value"": 0, ""energy"": 3700, ""energy-kcal"": 900, ""energy-kcal_100g"": 900, ""energy-kcal_serving"": 4050, ""energy-kcal_unit"": ""kcal"", ""energy-kcal_value"": 900, ""energy-kcal_value_computed"": 1068, ""energy-kj"": 3700, ""energy-kj_100g"": 3700, ""energy-kj_serving"": 16600, ""energy-kj_unit"": ""kJ"", ""energy-kj_value"": 3700, ""energy-kj_value_computed"": 4396, ""energy_100g"": 3700, ""energy_serving"": 16600, ""energy_unit"": ""kJ"", ""energy_value"": 3700, ""fat"": 100, ""fat_100g"": 100, ""fat_serving"": 450, ""fat_unit"": ""g"", ""fat_value"": 100, ""fiber"": 0, ""fiber_100g"": 0, ""fiber_serving"": 0, ""fiber_unit"": ""g"", ""fiber_value"": 0, ""fruits-vegetables-legumes-estimate-from-ingredients_100g"": 0, ""fruits-vegetables-legumes-estimate-from-ingredients_serving"": 0, ""fruits-vegetables-nuts-estimate-from-ingredients_100g"": 0, ""fruits-vegetables-nuts-estimate-from-ingredients_serving"": 0, ""monounsaturated-fat"": 27.2, ""monounsaturated-fat_100g"": 27.2, ""monounsaturated-fat_label"": ""Monounsaturated fat"", ""monounsaturated-fat_serving"": 122, ""monounsaturated-fat_unit"": ""g"", ""monounsaturated-fat_value"": 27.2, ""nutrition-score-fr"": -1, ""nutrition-score-fr_100g"": -1, ""omega-6-fat"": 0.0612, ""omega-6-fat_100g"": 0.0612, ""omega-6-fat_label"": ""Omega 6 fat"", ""omega-6-fat_serving"": 0.275, ""omega-6-fat_unit"": ""mg"", ""omega-6-fat_value"": 61.2, ""polyunsaturated-fat"": 61.5, ""polyunsaturated-fat_100g"": 61.5, ""polyunsaturated-fat_label"": ""Polyunsaturated fat"", ""polyunsaturated-fat_serving"": 277, ""polyunsaturated-fat_unit"": ""g"", ""polyunsaturated-fat_value"": 61.5, ""proteins"": 0, ""proteins_100g"": 0, ""proteins_serving"": 0, ""proteins_unit"": ""g"", ""proteins_value"": 0, ""salt"": 0, ""salt_100g"": 0, ""salt_serving"": 0, ""salt_unit"": ""g"", ""salt_value"": 0, ""saturated-fat"": 12.6, ""saturated-fat_100g"": 12.6, ""saturated-fat_serving"": 56.7, ""saturated-fat_unit"": ""g"", ""saturated-fat_value"": 12.6, ""sodium"": 0, ""sodium_100g"": 0, ""sodium_serving"": 0, ""sodium_unit"": ""g"", ""sodium_value"": 0, ""sugars"": 0, ""sugars_100g"": 0, ""sugars_serving"": 0, ""sugars_unit"": ""g"", ""sugars_value"": 0, ""vitamin-e"": 0.075, ""vitamin-e_100g"": 0.075, ""vitamin-e_label"": ""Vitamin E"", ""vitamin-e_serving"": 0.338, ""vitamin-e_unit"": ""mg"", ""vitamin-e_value"": 75}",450g,100g,images\vegetable-oils\front_en.6.400.jpg,,,openfoodfacts,2025-07-22 09:21:28,900.0,100.0,12.6,0.0,0.0,0.0,0.0,0.0,0.0
6111099000582,Lio huile de table,lio,Vegetable Oils,https://in.openfoodfacts.org/facets/categories/vegetable-oils,,"{""carbohydrates"": 0, ""carbohydrates_100g"": 0, ""carbohydrates_unit"": ""g"", ""carbohydrates_value"": 0, ""energy"": 3766, ""energy-kcal"": 900, ""energy-kcal_100g"": 900, ""energy-kcal_unit"": ""kcal"", ""energy-kcal_value"": 900, ""energy-kcal_value_computed"": 900, ""energy_100g"": 3766, ""energy_unit"": ""kcal"", ""energy_value"": 900, ""fat"": 100, ""fat_100g"": 100, ""fat_unit"": ""g"", ""fat_value"": 100, ""nova-group"": 2, ""nova-group_100g"": 2, ""nova-group_serving"": 2, ""nutrition-score-fr"": 0, ""nutrition-score-fr_100g"": 0, ""proteins"": 0, ""proteins_100g"": 0, ""proteins_unit"": ""g"", ""proteins_value"": 0, ""salt"": 0, ""salt_100g"": 0, ""salt_unit"": ""g"", ""salt_value"": 0, ""saturated-fat"": 14, ""saturated-fat_100g"": 14, ""saturated-fat_unit"": ""g"", ""saturated-fat_value"": 14, ""sodium"": 0, ""sodium_100g"": 0, ""sodium_unit"": ""g"", ""sodium_value"": 0, ""sugars"": 0, ""sugars_100g"": 0, ""sugars_unit"": ""g"", ""sugars_value"": 0}",,100g,images\vegetable-oils\front_en.18.400.jpg,,,openfoodfacts,2025-07-22 09:21:29,900.0,100.0,14.0,0.0,0.0,0.0,0.0,,0.0
6111024004746,Huile d'olive vierge de Maroc,ALHORRA,Vegetable Oils,https://in.openfoodfacts.org/facets/categories/vegetable-oils,Huile d'olive.,"{""carbohydrates"": 0, ""carbohydrates_100g"": 0, ""carbohydrates_unit"": ""g"", ""carbohydrates_value"": 0, ""energy"": 3766, ""energy-kcal"": 900, ""energy-kcal_100g"": 900, ""energy-kcal_unit"": ""kcal"", ""energy-kcal_value"": 900, ""energy-kcal_value_computed"": 900, ""energy_100g"": 3766, ""energy_unit"": ""kcal"", ""energy_value"": 900, ""fat"": 100, ""fat_100g"": 100, ""fat_unit"": ""g"", ""fat_value"": 100, ""fruits-vegetables-legumes-estimate-from-ingredients_100g"": 100, ""fruits-vegetables-legumes-estimate-from-ingredients_serving"": 100, ""fruits-vegetables-nuts-estimate-from-ingredients_100g"": 100, ""fruits-vegetables-nuts-estimate-from-ingredients_serving"": 100, ""nova-group"": 2, ""nova-group_100g"": 2, ""nova-group_serving"": 2, ""nutrition-score-fr"": 2, ""nutrition-score-fr_100g"": 2, ""proteins"": 0, ""proteins_100g"": 0, ""proteins_unit"": ""g"", ""proteins_value"": 0, ""salt"": 0, ""salt_100g"": 0, ""salt_unit"": ""g"", ""salt_value"": 0, ""saturated-fat"": 17, ""saturated-fat_100g"": 17, ""saturated-fat_unit"": ""g"", ""saturated-fat_value"": 17, ""sodium"": 0, ""sodium_100g"": 0, ""sodium_unit"": ""g"", ""sodium_value"": 0, ""sugars"": 0, ""sugars_100g"": 0, ""sugars_unit"": ""g"", ""sugars_value"": 0}",,100g,images\vegetable-oils\front_fr.23.400.jpg,,,openfoodfacts,2025-07-22 09:21:30,900.0,100.0,17.0,0.0,0.0,0.0,0.0,,0.0
6111024001530,Huile Lesieur 3 Graines,Lesieur,Vegetable Oils,https://in.openfoodfacts.org/facets/categories/vegetable-oils,"Huiles végétales (Soja, Tournesol. Colza), Arôme naturel. Vitamine A. Vitamine D3. Provitamine A.","{""alcohol"": 7, ""alcohol_100g"": 7, ""alcohol_serving"": 7, ""alcohol_unit"": ""% vol"", ""alcohol_value"": 7, ""beta-carotene"": 6e-05, ""beta-carotene_100g"": 6e-05, ""beta-carotene_label"": ""Beta carotene"", ""beta-carotene_unit"": ""µg"", ""beta-carotene_value"": 60, ""carbohydrates"": 0, ""carbohydrates_100g"": 0, ""carbohydrates_unit"": ""g"", ""carbohydrates_value"": 0, ""energy"": 3700, ""energy-kcal"": 900, ""energy-kcal_100g"": 900, ""energy-kcal_unit"": ""kcal"", ""energy-kcal_value"": 900, ""energy-kcal_value_computed"": 959, ""energy-kj"": 3700, ""energy-kj_100g"": 3700, ""energy-kj_unit"": ""kJ"", ""energy-kj_value"": 3700, ""energy-kj_value_computed"": 3943, ""energy_100g"": 3700, ""energy_unit"": ""kJ"", ""energy_value"": 3700, ""fat"": 100, ""fat_100g"": 100, ""fat_unit"": ""g"", ""fat_value"": 100, ""fiber"": 5, ""fiber_100g"": 5, ""fiber_unit"": ""g"", ""fiber_value"": 5, ""fruits-vegetables-legumes-estimate-from-ingredients_100g"": 0, ""fruits-vegetables-legumes-estimate-from-ingredients_serving"": 0, ""fruits-vegetables-nuts-estimate-from-ingredients_100g"": 15.8333333333333, ""fruits-vegetables-nuts-estimate-from-ingredients_serving"": 15.8333333333333, ""monounsaturated-fat"": 26, ""monounsaturated-fat_100g"": 26, ""monounsaturated-fat_label"": ""Monounsaturated fat"", ""monounsaturated-fat_unit"": ""g"", ""monounsaturated-fat_value"": 26, ""nova-group"": 4, ""nova-group_100g"": 4, ""nova-group_serving"": 4, ""nutrition-score-fr"": 3, ""nutrition-score-fr_100g"": 3, ""omega-3-fat"": 7, ""omega-3-fat_100g"": 7, ""omega-3-fat_label"": ""Omega 3 fat"", ""omega-3-fat_unit"": ""g"", ""omega-3-fat_value"": 7, ""omega-6-fat"": 52, ""omega-6-fat_100g"": 52, ""omega-6-fat_label"": ""Omega 6 fat"", ""omega-6-fat_unit"": ""g"", ""omega-6-fat_value"": 52, ""polyunsaturated-fat"": 60, ""polyunsaturated-fat_100g"": 60, ""polyunsaturated-fat_label"": ""Polyunsaturated fat"", ""polyunsaturated-fat_unit"": ""g"", ""polyunsaturated-fat_value"": 60, ""proteins"": 0, ""proteins_100g"": 0, ""proteins_unit"": ""g"", ""proteins_value"": 0, ""salt"": 0, ""salt_100g"": 0, ""salt_unit"": ""g"", ""salt_value"": 0, ""saturated-fat"": 15, ""saturated-fat_100g"": 15, ""saturated-fat_unit"": ""g"", ""saturated-fat_value"": 15, ""sodium"": 0, ""sodium_100g"": 0, ""sodium_unit"": ""g"", ""sodium_value"": 0, ""sugars"": 0, ""sugars_100g"": 0, ""sugars_unit"": ""g"", ""sugars_value"": 0, ""vitamin-a"": 0.0009, ""vitamin-a_100g"": 0.0009, ""vitamin-a_label"": ""Vitamin A"", ""vitamin-a_unit"": ""µg"", ""vitamin-a_value"": 900, ""vitamin-d"": 7.5e-06, ""vitamin-d_100g"": 7.5e-06, ""vitamin-d_label"": ""Vitamin D"", ""vitamin-d_unit"": ""µg"", ""vitamin-d_value"": 7.5, ""vitamin-e"": 0.057, ""vitamin-e_100g"": 0.057, ""vitamin-e_label"": ""Vitamin E"", ""vitamin-e_unit"": ""mg"", ""vitamin-e_value"": 57}",,100g,images\vegetable-oils\front_fr.27.400.jpg,,,openfoodfacts,2025-07-22 09:21:31,900.0,100.0,15.0,0.0,0.0,0.0,0.0,5.0,0.0
6111099000254,Huile d'olive,oued souss,Vegetable Oils,https://in.openfoodfacts.org/facets/categories/vegetable-oils,huile d'olive,"{""alcohol"": 0, ""alcohol_100g"": 0, ""alcohol_serving"": 0, ""alcohol_unit"": ""% vol"", ""alcohol_value"": 0, ""carbohydrates"": 0, ""carbohydrates_100g"": 0, ""carbohydrates_serving"": 0, ""carbohydrates_unit"": ""g"", ""carbohydrates_value"": 0, ""cholesterol"": 0, ""cholesterol_100g"": 0, ""cholesterol_serving"": 0, ""cholesterol_unit"": ""mg"", ""cholesterol_value"": 0, ""energy"": 3700, ""energy-kcal"": 900, ""energy-kcal_100g"": 900, ""energy-kcal_serving"": 900, ""energy-kcal_unit"": ""kcal"", ""energy-kcal_value"": 900, ""energy-kcal_value_computed"": 828, ""energy-kj"": 3700, ""energy-kj_100g"": 3700, ""energy-kj_serving"": 3700, ""energy-kj_unit"": ""kJ"", ""energy-kj_value"": 3700, ""energy-kj_value_computed"": 3404, ""energy_100g"": 3700, ""energy_serving"": 3700, ""energy_unit"": ""kJ"", ""energy_value"": 3700, ""fat"": 92, ""fat_100g"": 92, ""fat_serving"": 92, ""fat_unit"": ""g"", ""fat_value"": 92, ""fiber"": 0, ""fiber_100g"": 0, ""fiber_serving"": 0, ""fiber_unit"": ""g"", ""fiber_value"": 0, ""fruits-vegetables-legumes-estimate-from-ingredients_100g"": 100, ""fruits-vegetables-legumes-estimate-from-ingredients_serving"": 100, ""fruits-vegetables-nuts-estimate-from-ingredients_100g"": 100, ""fruits-vegetables-nuts-estimate-from-ingredients_serving"": 100, ""monounsaturated-fat"": 67, ""monounsaturated-fat_100g"": 67, ""monounsaturated-fat_serving"": 67, ""monounsaturated-fat_unit"": ""g"", ""monounsaturated-fat_value"": 67, ""nova-group"": 2, ""nova-group_100g"": 2, ""nova-group_serving"": 2, ""nutrition-score-fr"": -1, ""nutrition-score-fr_100g"": -1, ""polyunsaturated-fat"": 8, ""polyunsaturated-fat_100g"": 8, ""polyunsaturated-fat_serving"": 8, ""polyunsaturated-fat_unit"": ""g"", ""polyunsaturated-fat_value"": 8, ""proteins"": 0, ""proteins_100g"": 0, ""proteins_serving"": 0, ""proteins_unit"": ""g"", ""proteins_value"": 0, ""salt"": 0, ""salt_100g"": 0, ""salt_serving"": 0, ""salt_unit"": ""g"", ""salt_value"": 0, ""saturated-fat"": 12, ""saturated-fat_100g"": 12, ""saturated-fat_serving"": 12, ""saturated-fat_unit"": ""g"", ""saturated-fat_value"": 12, ""sodium"": 0, ""sodium_100g"": 0, ""sodium_serving"": 0, ""sodium_unit"": ""g"", ""sodium_value"": 0, ""sugars"": 0, ""sugars_100g"": 0, ""sugars_serving"": 0, ""sugars_unit"": ""g"", ""sugars_value"": 0, ""vitamin-e"": 2e-05, ""vitamin-e_100g"": 2e-05, ""vitamin-e_serving"": 2e-05, ""vitamin-e_unit"": ""mg"", ""vitamin-e_value"": 0.02}",100ml,100g,images\vegetable-oils\front_fr.29.400.jpg,,,openfoodfacts,2025-07-22 09:21:31,900.0,92.0,12.0,0.0,0.0,0.0,0.0,0.0,0.0
8002470023727,Huile d'olive vierge extra Bio Classico,Carapelli,Vegetable Oils,https://in.openfoodfacts.org/facets/categories/vegetable-oils,Huile d'olive vierge extra,"{""carbohydrates"": 0, ""carbohydrates_100g"": 0, ""carbohydrates_unit"": ""g"", ""carbohydrates_value"": 0, ""energy"": 3374, ""energy-kcal"": 821, ""energy-kcal_100g"": 821, ""energy-kcal_unit"": ""kcal"", ""energy-kcal_value"": 821, ""energy-kcal_value_computed"": 819, ""energy-kj"": 3374, ""energy-kj_100g"": 3374, ""energy-kj_unit"": ""kJ"", ""energy-kj_value"": 3374, ""energy-kj_value_computed"": 3367, ""energy_100g"": 3374, ""energy_unit"": ""kJ"", ""energy_value"": 3374, ""fat"": 91, ""fat_100g"": 91, ""fat_unit"": ""g"", ""fat_value"": 91, ""fruits-vegetables-legumes-estimate-from-ingredients_100g"": 0, ""fruits-vegetables-legumes-estimate-from-ingredients_serving"": 0, ""fruits-vegetables-nuts-estimate-from-ingredients_100g"": 100, ""fruits-vegetables-nuts-estimate-from-ingredients_serving"": 100, ""nova-group"": 2, ""nova-group_100g"": 2, ""nova-group_serving"": 2, ""nutrition-score-fr"": 0, ""nutrition-score-fr_100g"": 0, ""proteins"": 0, ""proteins_100g"": 0, ""proteins_unit"": ""g"", ""proteins_value"": 0, ""salt"": 0, ""salt_100g"": 0, ""salt_unit"": ""g"", ""salt_value"": 0, ""saturated-fat"": 14, ""saturated-fat_100g"": 14, ""saturated-fat_unit"": ""g"", ""saturated-fat_value"": 14, ""sodium"": 0, ""sodium_100g"": 0, ""sodium_unit"": ""g"", ""sodium_value"": 0, ""sugars"": 0, ""sugars_100g"": 0, ""sugars_unit"": ""g"", ""sugars_value"": 0}",,100g,images\vegetable-oils\front_en.71.400.jpg,,,openfoodfacts,2025-07-22 09:21:32,821.0,91.0,14.0,0.0,0.0,0.0,0.0,,0.0
